RowIndex,Meteorology_Total,SMG_Total,Meteorology_ObjectNames,SMG_ObjectNames,Meteorology_Makers,SMG_Makers,Meteorology_Materials,SMG_Materials,Meteorology_Dates,SMG_Dates,Meteorology_Places,SMG_Places,Meteorology_Descriptions,SMG_Descriptions,Meteorology_Other,SMG_Other,Unique_to_Meteorology,Unique_to_SMG
0,15,11,1,2,1,1,3,1,1,1,0,3,6,3,3,0,"{""object_names"": [], ""makers"": [], ""materials"": [""spherical bulb"", ""capillary tube"", ""brass scale""], ""dates"": [""latter part of the eighteenth century""], ""places"": [], ""descriptions"": [""mounted on a thick brass scale which is graduated in half degrees from $-20^{\\circ}$ to $535^{\\circ}$ F."", ""cut across at the $40^{\\circ}$ F. graduations, the lower portion being hinged to the upper"", ""standard points of reference"", ""freezing point of water"", ""boiling point of water"", ""melting point of tin""], ""other"": [""S.M. 1448"", ""L.S.""]}","{""object_names"": [""mercury thermometer""], ""makers"": [""Dollond family""], ""materials"": [], ""dates"": [""1875-1893""], ""places"": [""Greater London"", ""England"", ""United Kingdom""], ""descriptions"": [""Fahrenheit (-10 to +530 degrees) thermometer"", ""Owned by the Royal Society, London"", ""Meteorology mercury thermometer""], ""other"": []}"
1,12,14,1,4,1,2,3,2,2,1,1,3,3,1,1,1,"{""object_names"": [""STANDARD MERCURIAL THERMOMETER""], ""makers"": [""G. J. Symons, Esq., F.R.S.""], ""materials"": [""mercury-in-glass"", ""spherical bulb"", ""capillary tube""], ""dates"": [""about the end of the eighteenth century""], ""places"": [], ""descriptions"": [""old standard thermometer"", ""long and fairly large capillary tube, thereby securing a wide temperature range"", ""upon which are indicated the melting and boiling points of various substances, and other fixed temperatures""], ""other"": [""Inv. 1893-139""]}","{""object_names"": [""thermometer"", ""mercury thermometer"", ""Meteorology mercury thermometer""], ""makers"": [""George Adams, London, England""], ""materials"": [""glazed mahogany case"", ""silvered scale""], ""dates"": [""1780-1800""], ""places"": [""London"", ""Greater London"", ""England"", ""United Kingdom""], ""descriptions"": [""in glazed mahogany case"", ""range (-30 to +700 degrees Fahrenheit)""], ""other"": [""Adams, George""]}"
2,11,11,1,2,1,1,3,1,1,1,0,3,3,2,2,1,"{""object_names"": [""STANDARD MERCURIAL THERMOMETER""], ""makers"": [], ""materials"": [""brass scale"", ""mahogany box""], ""dates"": [""first half of the nineteenth century""], ""places"": [], ""descriptions"": [""mercury-in-glass thermometer"", ""mounted on a brass scale graduated in half degrees from $0^{\\circ}$ to $215^{\\circ}$ F."", ""enclosed in a mahogany box""], ""other"": [""R.S. No. 7"", ""Inv. 1893-136""]}","{""object_names"": [""Standard mercury thermometer"", ""Meteorology mercury thermometer""], ""makers"": [], ""materials"": [""mahogany case""], ""dates"": [""1826-1832""], ""places"": [""London"", ""Greater London"", ""England"", ""United Kingdom""], ""descriptions"": [""marked instrument number 7"", ""mercury thermometer""], ""other"": [""Troughton & Simms, London""]}"
3,9,9,1,1,1,2,1,1,1,1,0,3,4,1,1,0,"{""object_names"": [""MERCURIAL THERMOMETER""], ""makers"": [""The Meteorological Office""], ""materials"": [""mercurial""], ""dates"": [], ""places"": [], ""descriptions"": [""The graduations range from $-60^{\\circ}$ to $+100^{\\circ}$ F."", ""There is no inscription at the back of the frame to show on what expeditions it was employed"", ""it is said to have been used on H.M.S. \u201cFox,\u201d"", ""in 1857""], ""other"": [""Inv. 1908-90""]}","{""object_names"": [""Mercury thermometer""], ""makers"": [""Pastorelli and Company""], ""materials"": [""Mercury""], ""dates"": [""1857""], ""places"": [""London"", ""Greater London"", ""England"", ""United Kingdom""], ""descriptions"": [""Meteorology thermometer; thermometer""], ""other"": []}"
4,12,13,2,2,1,2,1,0,2,1,0,4,4,2,2,2,"{""object_names"": [""thermom\u00e8tre fronde""], ""makers"": [], ""materials"": [""perforated metal case"", ""silk cord""], ""dates"": [""1830"", ""1877""], ""places"": [], ""descriptions"": [""Modification by Arago"", ""instrument is a modification of the thermom\u00e8tre fronde originally designed by Arago for ascertaining the true temperature of the air without a thermometer screen"", ""The thermometer is enclosed in its perforated metal case, when it is rapidly swung above the head about six times by means of a silk cord."", ""The temperature indicated will then be found to be almost precisely that of a thermometer in a Stevenson screen. By this method more accurate results are obtainable than by exposure on stands of ordinary construction.""], ""other"": [""Lent by L. Casella, Esq."", ""Q. J. R. Met. Soc."", ""Inv. 1893-154""]}","{""object_names"": [""Sling thermometer""], ""makers"": [""L. Casella"", ""Louis P.; Renou""], ""materials"": [], ""dates"": [""1871-1879""], ""places"": [""London, England"", ""London"", ""Greater London"", ""England"", ""United Kingdom""], ""descriptions"": [""the \""thermom\u00e8tre fronde\"""", ""Meteorology sling thermometer""], ""other"": [""Casella"", ""Louis P.; Renou""]}"
5,13,7,1,1,1,1,1,0,2,1,2,0,5,2,1,2,"{""object_names"": [], ""makers"": [], ""materials"": [""Spirit""], ""dates"": [""1850\u201351"", ""1857\u201359""], ""places"": [""Arctic expeditions"", ""H.M.S. \u201cResolute\u201d (Captain Sir H. Austin, R.N.)"", ""H.M.S. \u201cFox\u201d (Captain, afterwards Admiral, Sir F. L. McClintock, R.N.)""], ""descriptions"": [""graduated from $-60^{\\circ}$ to $+120^{\\circ}$ F."", ""used in Arctic expeditions"", ""On the back is written :\u2014 \u201cThis thermometer being nearly a mean of 11 others tried at temperatures varying between zero and -46\u00b0 was selected as a standard for the winter, and was placed accordingly on the fixed ice 15 yards from the ship. It is thus marked in order that comparative measures may hereafter be made with it as also any with reference to the journal kept by the officers of Resolute. \u201cThis Ther. shewing on several occasions -39\u00b0, mercury began to con- solidate, -39.5\u00b0 it was no longer in a fluid state, and at 40\u00b0 it could have been propelled by powder. H.M. \u2018Resolute,\u2019 7th October, 1851, Horatio Austin.\u201d"", ""Fox Yacht, 1857\u20139.\u201d"", ""Lent by The Meteorological Office.""], ""other"": [""Inv. 1908-91""]}","{""object_names"": [], ""makers"": [], ""materials"": [], ""dates"": [""1849""], ""places"": [], ""descriptions"": [""graduated from -60 degrees F. to +120 degrees F."", ""Meteorology thermometer; thermometer""], ""other"": [""Pastorelli and Company""]}"
6,9,9,1,1,1,2,0,0,2,1,0,4,3,1,2,0,"{""object_names"": [], ""makers"": [], ""materials"": [], ""dates"": [""1850\u201351"", ""1857\u20139""], ""places"": [], ""descriptions"": [""Graduated from -90\u00b0 to +100\u00b0 F."", ""At the back it is inscribed :\u2014\u201cThis thermometer was used on board the Arctic ship \u2018Assistance\u2019 during the winter of 1850\u201351 for registering the temperature of the air on deck. 9th August, 1851.\u201d"", ""Fox Yacht""], ""other"": [""Inv. 1908-92"", ""Lent by The Meteorological Office""]}","{""object_names"": [], ""makers"": [""John Frederick Newman""], ""materials"": [], ""dates"": [""1850""], ""places"": [""London"", ""Greater London"", ""England"", ""United Kingdom""], ""descriptions"": [""Meteorology thermometer; thermometer""], ""other"": []}"
7,8,7,1,1,1,2,1,0,2,1,0,0,2,2,1,1,"{""object_names"": [], ""makers"": [], ""materials"": [""Spirit""], ""dates"": [""1883\u20134""], ""places"": [], ""descriptions"": [""The graduations range from -70\u00b0 to +120\u00b0 F."", ""It is marked at the back:\u2014\u201cUsed by Sir Geo. Nares, 1883\u20134.\u201d""], ""other"": [""Inv. 1908-93""]}","{""object_names"": [], ""makers"": [""James Joseph""], ""materials"": [], ""dates"": [""1883""], ""places"": [], ""descriptions"": [""Meteorology thermometer; thermometer""], ""other"": []}"
8,12,8,3,1,1,1,1,1,1,1,0,0,5,2,1,2,"{""object_names"": [""experimental mercury-in-glass thermometers"", ""longest instrument"", ""smallest one""], ""makers"": [], ""materials"": [""glass""], ""dates"": [], ""places"": [], ""descriptions"": [""of unique design"", ""Each instrument possesses a central bulb and two stems, which are differently disposed in the three cases."", ""a large bulb lies between the two portions of a capillary tube 19 3/8 in. long"", ""the bulb is situated at the lowest point of a U-tube, formed by two stems of different bore, one of them being enamelled behind the mercury column."", ""the bulb is situated at the lower extremity of one of the stems, the second stem joining the first one about 3/8 in. above the bulb, the two stems being parallel and about 3/8 in. apart.""], ""other"": [""Inv. 1915-153""]}","{""object_names"": [""mercury thermometers""], ""makers"": [], ""materials"": [], ""dates"": [""1856""], ""places"": [], ""descriptions"": [""scales not divided""], ""other"": [""Meteorology thermometers"", ""thermometers""]}"
9,6,5,1,1,1,1,0,0,1,1,0,0,2,2,1,0,"{""object_names"": [], ""makers"": [], ""materials"": [], ""dates"": [], ""places"": [], ""descriptions"": [""designed by Mr. Stanley in 1876 for registering temperature cumulatively"", ""An increase of temperature of 1\u00b0 F. is found to accelerate the clock by 17\u00b75 beats per day""], ""other"": [""Inv. 1886-77""]}","{""object_names"": [], ""makers"": [], ""materials"": [], ""dates"": [], ""places"": [], ""descriptions"": [""Meteorology chronothermometer""], ""other"": []}"
10,6,14,1,2,1,3,0,1,1,1,0,4,2,1,1,2,"{""object_names"": [""SYMONS\u2019S EARTH THERMOMETER""], ""makers"": [""L. Casella, Esq.""], ""materials"": [], ""dates"": [""1922""], ""places"": [], ""descriptions"": [""This arrangement was designed by G. J. Symons to obviate the difficulties encountered in obtaining ground temperature at different depths.""], ""other"": [""Inv. 1893-155""]}","{""object_names"": [""George James Symons type earth thermometer""], ""makers"": [""George James Symons"", ""Louis Paschal Casella"", ""Casella""], ""materials"": [""iron tube""], ""dates"": [], ""places"": [""London"", ""Greater London"", ""England"", ""United Kingdom""], ""descriptions"": [""George James Symons type earth thermometer, with iron tube, by Louis Paschal Casella, 1874 Meteorology earth thermometer; earth thermometer""], ""other"": [""1874""]}"
11,6,6,1,1,1,0,0,1,1,1,0,0,2,2,1,1,"{""object_names"": [], ""makers"": [""The Meteorological Office""], ""materials"": [], ""dates"": [], ""places"": [], ""descriptions"": [""The bulb of this thermometer is of annular form, and encloses a cylindrical air space running almost the whole length of the bulb, thereby exposing a larger area, and accelerating the action of the thermometer.""], ""other"": [""Inv. 1915-154""]}","{""object_names"": [""Hollow-bulb mercury thermometer""], ""makers"": [], ""materials"": [""mercury""], ""dates"": [""1875""], ""places"": [], ""descriptions"": [""scale not divided""], ""other"": [""Meteorology thermometers"", ""thermometers""]}"
12,6,10,1,1,1,1,0,0,1,1,0,4,2,2,1,1,"{""object_names"": [""WATER THERMOMETER""], ""makers"": [], ""materials"": [], ""dates"": [""1922""], ""places"": [], ""descriptions"": [""designed specially for measuring the temperature of water"", ""of the type supplied to observers at sea""], ""other"": [""Lent by The Meteorological Office""]}","{""object_names"": [""Marine thermometer""], ""makers"": [], ""materials"": [], ""dates"": [""c. 1890""], ""places"": [""London, UK"", ""London"", ""Greater London"", ""England"", ""United Kingdom""], ""descriptions"": [""Meteorology marine thermometer""], ""other"": [""B.T. [Board of Trade] 4208""]}"
13,9,13,1,2,1,2,1,0,1,1,1,3,4,3,1,2,"{""object_names"": [""BOILING POINT THERMOMETER""], ""makers"": [""The Admiralty""], ""materials"": [""mercury-in-glass""], ""dates"": [""1901""], ""places"": [""British Antarctic Expedition""], ""descriptions"": [""adapted for hypsometrical measurements"", ""graduated to read from 180\u00b0 F. to 215\u00b0 F. in fifths of a degree"", ""Immediately above the bulb is an enlargement of the bore""], ""other"": [""Inv. 1911-168""]}","{""object_names"": [""Boiling-point thermometer (ex Antarctic Expedition, 1901)""], ""makers"": [""L. Casella, London, England""], ""materials"": [], ""dates"": [""1895-1898""], ""places"": [""London, England"", ""United Kingdom""], ""descriptions"": [""Meteorology boiling point thermometer"", ""boiling point thermometer""], ""other"": [""1895-1898 London, England, United Kingdom""]}"
14,10,9,1,1,1,1,3,0,1,1,0,4,3,1,1,1,"{""object_names"": [], ""makers"": [], ""materials"": [""mercury-in-glass"", ""long bulb of narrow bore"", ""mounted fully exposed to the air""], ""dates"": [], ""places"": [], ""descriptions"": [""very sensitive thermometer"", ""constructed in order to obtain accurate indications of the temperature of the layers of air through which a balloon might be passing rapidly"", ""delicacy of construction, however, renders it very fragile, and liable to damage from the bumping which frequently accompanies balloon descents""], ""other"": [""Inv. 1894-117"", ""Lent by The Meteorological Office"", ""graduated in degrees from -10\u00b0 to 105\u00b0 F""]}","{""object_names"": [], ""makers"": [], ""materials"": [], ""dates"": [], ""places"": [""London"", ""England"", ""Greater London"", ""United Kingdom""], ""descriptions"": [""Meteorology balloon thermometer""], ""other"": [""balloon thermometer 1894""]}"
15,13,10,1,2,1,1,3,0,1,1,0,4,5,2,2,0,"{""object_names"": [""AEROPLANE THERMOMETER""], ""makers"": [""The Meteorological Office""], ""materials"": [""coloured liquid"", ""polished metal cover"", ""strut""], ""dates"": [""1922""], ""places"": [], ""descriptions"": [""designed for use on aeroplanes, for indicating atmospheric temperature"", ""has now been replaced by an improved type"", ""consists of a large bulb filled with coloured liquid, which also partially fills the long column"", ""The bulb is enclosed in a polished metal cover, which affords protection from sunshine, and is ventilated to allow free passage of the air"", ""The thermometer, which is mounted on a strut of the aeroplane some distance from the engine, is somewhat sluggish in action, and is unreliable when the machine is ascending or descending rapidly"", ""graduated in degrees from 40\u00b0 to 82\u00b0 F""], ""other"": [""Inv. 1919-516""]}","{""object_names"": [""Aeroplane thermometer"", ""aircraft thermometer""], ""makers"": [""James J. Hicks""], ""materials"": [], ""dates"": [""1919""], ""places"": [""London"", ""Greater London"", ""England"", ""United Kingdom""], ""descriptions"": [""Meteorology aircraft thermometer""], ""other"": []}"
16,9,12,1,2,1,2,1,0,1,1,0,4,4,2,1,1,"{""object_names"": [""PHILLIPS'S MAXIMUM THERMOMETER""], ""makers"": [""L. Casella, Esq.""], ""materials"": [""mercury-in-glass""], ""dates"": [], ""places"": [], ""descriptions"": [""the temperature is registered by means of a separate portion of the column"", ""the index of which is a portion of the mercurial column separated from the remainder by an air bubble"", ""The instrument is mounted horizontally, so that with a rise of temperature the detached portion moves to the right, but remains in its extreme position on a subsequent fall of temperature"", ""The end of the index further from the bulb then indicates the maximum temperature attained""], ""other"": [""Inv. 1893-153""]}","{""object_names"": [""Phillips type maximum thermometer"", ""Meteorology maximum thermometer""], ""makers"": [""L. Casella, London"", ""Phillips, Prof.""], ""materials"": [], ""dates"": [], ""places"": [""London"", ""Greater London"", ""England"", ""United Kingdom""], ""descriptions"": [""First devised by Prof. Phillips in 1832"", ""phillips type""], ""other"": [""1832""]}"
17,12,11,1,1,1,1,1,0,2,1,0,4,5,2,2,2,"{""object_names"": [], ""makers"": [], ""materials"": [""solid glass enamel""], ""dates"": [""1921-318""], ""places"": [], ""descriptions"": [""self-registering instrument"", ""to indicate the maximum temperature reached since the previous observation"", ""The thermometer stem is bent at right angles about an inch above the bulb"", ""near the bend is inserted a small piece of solid glass enamel which acts as a valve, allowing mercury to pass over it only on the application of heat"", ""On subsequent cooling the column of mercury which has passed the valve cannot recede past the constriction, so that it remains in position and registers the maximum temperature"", ""After a reading has been taken the thermometer can be reset by gently shaking the mercury past the constriction, until the lower portion of the stem is completely filled"", ""The instrument is graduated in degrees from 10\u00b0 F. to 146\u00b0 F.""], ""other"": [""Pat. Specn., No. 14002 of 1852"", ""Inv. 1921-318""]}","{""object_names"": [], ""makers"": [], ""materials"": [], ""dates"": [], ""places"": [""London"", ""Greater London"", ""England"", ""United Kingdom""], ""descriptions"": [""Meteorology maximum thermometer"", ""maximum thermometer""], ""other"": [""maker""]}"
18,12,6,1,1,1,1,2,0,2,0,0,0,5,2,1,2,"{""object_names"": [""RUTHERFORD'S MINIMUM THERMOMETER""], ""makers"": [""L. Casella, Esq.""], ""materials"": [""spirit thermometer"", ""glass index""], ""dates"": [""1794"", ""1893""], ""places"": [], ""descriptions"": [""designed by Dr. Rutherford in 1794 and is still in use."", ""in the column of which is a glass index."", ""mounted horizontally so that a decrease of temperature causes the spirit to recede to the left, carrying back the index to the lowest position, where it remains when the temperature subsequently rises."", ""minimum temperature is then registered by the end of the index remote from the bulb."", ""instrument is set by tilting until the index slides up to the meniscus."", ""scale is etched on the thermometer stem and graduated in degrees from 0\u00b0 to 135\u00b0 F."", ""(See Trans. Roy. Soc., Edin., 1794.)""], ""other"": [""Inv. 1893-158.""]}","{""object_names"": [""Rutherford minimum thermometer""], ""makers"": [""L. Casella""], ""materials"": [], ""dates"": [], ""places"": [], ""descriptions"": [""Meteorology thermometer, minimum"", ""thermometer, minimum""], ""other"": [""L. Casella"", ""L. Casella""]}"
19,10,13,1,2,1,2,1,0,1,1,0,4,5,3,1,1,"{""object_names"": [""STANDARD MINIMUM THERMOMETER""], ""makers"": [], ""materials"": [""alcohol thermometer""], ""dates"": [], ""places"": [], ""descriptions"": [""This self-registering minimum thermometer is constructed on the principle proposed by Rutherford in 1794."", ""This alcohol thermometer is used horizontally and a small glass index floats in the spirit, its end furthest from the bulb being flattened."", ""The instrument is set by inclining it with the bulb uppermost, until the index reaches the meniscus of the indicating column, after which it is again placed in the horizontal position."", ""Any subsequent decrease of temperature causes the index to be drawn back to the lowest point to which the alcohol recedes, but an increase of temperature has no effect, so that the end of the index remote from the bulb registers the minimum temperature which has been attained."", ""Made and lent by Messrs. Negretti and Zambra.""], ""other"": [""Inv. 1921-319""]}","{""object_names"": [""Standard Rutherford minimum thermometer""], ""makers"": [""Rutherford, John, Baron""], ""materials"": [], ""dates"": [], ""places"": [""London"", ""Greater London"", ""England"", ""United Kingdom""], ""descriptions"": [""Meteorology minimum thermometer"", ""minimum thermometer""], ""other"": [""1790 (designed)""]}"
20,9,9,1,1,1,1,2,1,1,1,0,3,3,1,1,1,"{""object_names"": [""MINIMUM ALCOHOL THERMOMETER""], ""makers"": [], ""materials"": [""alcohol"", ""ebonite""], ""dates"": [""1922""], ""places"": [], ""descriptions"": [""constructed on Rutherford's principle"", ""provided with a forked bulb which increases its sensitiveness"", ""The stem is graduated in degrees from - 20\u00b0 to 118\u00b0 F""], ""other"": [""Inv. 1893-152""]}","{""object_names"": [""Minimum thermometer with bifurcated bulb""], ""makers"": [""Louis Casella""], ""materials"": [""ebonite""], ""dates"": [""c. 1873""], ""places"": [""London"", ""Greater London"", ""England"", ""United Kingdom""], ""descriptions"": [""Meteorology minimum thermometer; minimum thermometer 1873""], ""other"": [""L. Casella""]}"
21,15,7,1,1,2,2,1,0,2,1,0,0,6,1,3,2,"{""object_names"": [], ""makers"": [""G. J. Symons, F.R.S.""], ""materials"": [""steel index""], ""dates"": [""1922""], ""places"": [], ""descriptions"": [""to indicate the minimum temperature attained since a prior observation was made."", ""The large bulb of the thermometer is connected to a fine capillary tube, above which and continuous with it is a tube of wider bore, provided with a graduated scale and terminating at its upper end in a small bulb."", ""A steel index pointed at both ends is free to move along the wider tube, and when set for observation its upper point is brought to the mercury level."", ""With any contraction of the mercury column, the index falls by its own weight, but with increase of temperature the mercury expands and rises in the tube, passing the index and forcing it to the side of the tube, where it remains firmly fixed, and indicates the minimum temperature reached by the position of its upper point."", ""A magnet serves to adjust the index, thereby setting the instrument for another observation."", ""The scale is graduated in degrees from - 47\u00b0 to 126\u00b0 F.""], ""other"": [""MERCURIAL MINIMUM THERMOMETER"", ""Pat. Specn., No. 2306 of 1855"", ""Inv. 1893-129""]}","{""object_names"": [], ""makers"": [], ""materials"": [], ""dates"": [], ""places"": [], ""descriptions"": [""Thermometer broken.""], ""other"": [""Meteorology minimum thermometer"", ""minimum thermometer""]}"
22,11,9,1,1,1,1,1,1,1,1,0,3,6,2,1,0,"{""object_names"": [""MERCURIAL MINIMUM THERMOMETER""], ""makers"": [""Messrs. C. F. Casella & Co., Ltd.""], ""materials"": [""mercury in glass thermometer""], ""dates"": [""1861""], ""places"": [], ""descriptions"": [""designed and patented by Mr. L. M. Casella in 1861, to indicate the minimum temperature attained subsequent to the previous reading"", ""ordinary mercury in glass thermometer, supported with its stem horizontal"", ""About 1.5 in. from the bulb this horizontal stem is fitted with a lateral chamber, shouldered near its extremity, into which the mercury expands as the temperature rises, while the position of the mercury in the indicating stem remains stationary"", ""Subsequent fall of temperature causes the mercury to recede in the stem, while that in the lateral chamber is unaffected"", ""In this way the thermometer continually indicates the minimum temperature attained since it was last set"", ""(See Pat. Specn., No. 2100 of 1861.)""], ""other"": [""Inv. 1921-314""]}","{""object_names"": [""Mercury maximum thermometer""], ""makers"": [""L. Casella""], ""materials"": [""Mercury""], ""dates"": [""1861-1872""], ""places"": [""London"", ""Greater London"", ""England"", ""United Kingdom""], ""descriptions"": [""Meteorology maximum thermometer"", ""maximum thermometer""], ""other"": []}"
23,13,8,2,2,1,2,1,1,2,1,0,0,6,2,1,0,"{""object_names"": [""HICKS MERCURIAL MINIMUM THERMOMETER""], ""makers"": [], ""materials"": [""platinum wire""], ""dates"": [""1922"", ""1861""], ""places"": [], ""descriptions"": [""the temperature is ascertained by the measurement of a detached portion of the mercurial column"", ""In the bulb is a piece of platinum wire extending from a contraction at the neck to the bottom, and above the bulb is a small air bubble by which the column is divided"", ""During a fall of temperature, mercury passes below the air bubble (when it is in its lowest position at the neck of the bulb) into the bulb, thus shortening the column"", ""on the temperature rising, the air bubble is raised and carries along with it the detached column unaltered in length"", ""To take a reading, the zero of the scale is brought into line with the upper part of the air bubble, when the number corresponding to the top of the upper column will give the minimum temperature"", ""See Pat. Specn., 1861, No. 1244""], ""other"": [""Inv. 1915-420""]}","{""object_names"": [""Hicks patent mercurial minimum thermometer with brass sliding scale""], ""makers"": [""James Joseph Hicks""], ""materials"": [""brass""], ""dates"": [], ""places"": [], ""descriptions"": [""Meteorology thermometer, minimum"", ""thermometer, minimum""], ""other"": []}"
24,13,11,1,2,1,1,1,0,2,1,0,4,7,3,1,0,"{""object_names"": [""MERCURIAL MINIMUM THERMOMETER""], ""makers"": [], ""materials"": [""mercurial""], ""dates"": [""1921-320""], ""places"": [], ""descriptions"": [""self-registering instrument"", ""Attached to the stem of the thermometer, and about an inch above the cylindrical bulb, is a supplementary tube, in which is inserted a small platinum plug."", ""The thermometer is used horizontally, and if it is inclined the mercury flows along the supplementary tube until it reaches the plug."", ""On a decrease of temperature the mercury will fall in the indicating column until it attains its minimum temperature, and on a subsequent increase of temperature the mercury will rise in the supplementary tube, so that the indicating column will continue to register the minimum temperature."", ""To reset the instrument, the bulb end of the thermometer is raised until the mercury again comes in contact and is checked by the plug."", ""Designed and patented in 1862."", ""Designed and patented by Messrs. Negretti and Zambra in 1862, to indicate the minimum temperature reached since the previous observation.""], ""other"": [""Pat. Specn., No. 1223 of 1862.""]}","{""object_names"": [""Minimum thermometer"", ""mercurial minimum thermometer""], ""makers"": [], ""materials"": [], ""dates"": [], ""places"": [""London"", ""Greater London"", ""England"", ""United Kingdom""], ""descriptions"": [""Meteorology minimum thermometer"", ""minimum thermometer""], ""other"": []}"
25,12,9,1,1,1,1,2,0,2,1,0,0,5,3,1,3,"{""object_names"": [], ""makers"": [""Messrs. Dring and Fage""], ""materials"": [""alcohol"", ""creosote""], ""dates"": [""1782""], ""places"": [], ""descriptions"": [""designed to furnish a continuous indication of both the maximum and minimum temperature experienced since the setting of the instrument"", ""consists of a U tube, one arm of which is again bent downwards, while a bulb is provided at each extremity"", ""The long cylindrical bulb is filled with alcohol or creosote, the other bulb being partially filled with the same liquid and also containing a bubble of air under pressure."", ""Mercury is contained in the lower half of the V-tube, and as the temperature rises, the liquid in the filled bulb expands and pushes in front of it the column of mercury at either end of which is a steel index coated with glass, which is enabled to retain its position in the tube by means of an attached hair."", ""The index on the right is thus pushed upwards and remains at the extreme point to which it is pushed, the maximum temperature being then indicated by the position of its lower extremity. A subsequent fall of temperature moves the mercury column to the left, pushing the left hand index upwards, thus indicating the minimum temperature. The instrument is set for observation by adjusting the steel indexes to the ends of the mercury column by means of a magnet.""], ""other"": [""Inv. 1876-856""]}","{""object_names"": [], ""makers"": [""Dring and Fage""], ""materials"": [], ""dates"": [], ""places"": [], ""descriptions"": [""Meteorology thermometer"", ""thermometer 1876 Six, James; Dring and Fage""], ""other"": [""1876"", ""1876"", ""1876""]}"
26,11,9,1,3,1,2,2,0,2,1,0,2,4,1,1,0,"{""object_names"": [""RUTHERFORD'S MAXIMUM AND MINIMUM THERMOMETERS""], ""makers"": [""The Royal Meteorological Society""], ""materials"": [""mercurial"", ""spirit""], ""dates"": [""1794""], ""places"": [], ""descriptions"": [""originally designed by Dr. Rutherford in 1794, are shown together on the same frame"", ""mounted horizontally, the maximum one being uppermost and consisting of a mercury in glass instrument, provided with a steel index which is pushed along by the mercury column as the temperature rises"", ""provided with a glass index which recedes with the indicating column on a fall of temperature, but does not change its position when the temperature rises"", ""This form of maximum thermometer is not now in common use, but the minimum thermometer is frequently employed.""], ""other"": [""Inv. 1915-421""]}","{""object_names"": [""Rutherford type maximum and minimum thermometer"", ""Meteorology maximum & minimum thermometer"", ""maximum & minimum thermometer""], ""makers"": [""Lake & Son""], ""materials"": [], ""dates"": [], ""places"": [""Taunton, Somerset, England""], ""descriptions"": [""Rutherford type""], ""other"": [""Taunton"", ""Lake & Son"", ""Rutherford, Daniel""]}"
27,11,8,2,1,1,1,0,1,1,1,0,0,5,2,2,2,"{""object_names"": [""SIX'S THERMOMETER WITH FLAT BULB""], ""makers"": [], ""materials"": [], ""dates"": [""1922""], ""places"": [], ""descriptions"": [""modification of the Six's thermometer of 1782"", ""thin flat bulb being fitted to increase its sensitiveness"", ""identical in principle to the Six's thermometer shown adjacent"", ""large bulb is specially designed, however, so as to present as large a surface to the air as possible, thereby increasing the sensitiveness of the instrument and reducing its lag"", ""Lent by S. G. Denton, Esq.""], ""other"": [""1782""]}","{""object_names"": [""Six's thermometer""], ""makers"": [""Denton""], ""materials"": [""very flat bulb""], ""dates"": [""1876""], ""places"": [], ""descriptions"": [""by Denton, 1876"", ""Meteorology thermometer; thermometer 1876 Six, James; Denton, S G""], ""other"": []}"
28,12,12,1,2,1,1,2,0,1,2,0,4,6,2,1,1,"{""object_names"": [""DIMENUON THERMOMETER""], ""makers"": [], ""materials"": [""spirit"", ""mercury""], ""dates"": [""1922""], ""places"": [], ""descriptions"": [""similar in principle to Six's instrument"", ""constructed to hang horizontally instead of vertically"", ""The tube is in the form of a U, having a bulb at each extremity"", ""one being completely filled with spirit, and the other containing spirit and also a bubble of air under pressure"", ""As the temperature rises, the liquid in the filled bulb expands and pushes in front of it a column of mercury, having an iron index at each end"", ""As the temperature decreases the mercury is allowed to move back and pushes the lower index to the left. The indexes remain at the furthest point to which they are pushed by the mercury as it travels forwards or backwards, and thus indicate both maximum and minimum temperatures, the readings being taken from the ends of the indexes nearest the mercury. They are reset by tilting the instrument so that they fall by their own weight on to the mercury column""], ""other"": [""Inv. 1921-311""]}","{""object_names"": [""Maximum and minimum thermometer"", ""Dimenuon thermometer""], ""makers"": [], ""materials"": [], ""dates"": [""c. 1906"", ""1908-1913""], ""places"": [""London"", ""Greater London"", ""England"", ""United Kingdom""], ""descriptions"": [""a horizontal form of Six's maximum and minimum thermometer"", ""self-registering""], ""other"": [""Meteorology""]}"
29,12,6,1,1,1,2,2,0,1,1,1,0,4,1,2,1,"{""object_names"": [""METALLIC THERMOGRAPH""], ""makers"": [""The Royal Meteorological Society""], ""materials"": [""metallic"", ""mahogany stand""], ""dates"": [], ""places"": [""The Royal Meteorological Society""], ""descriptions"": [""This self-registering thermometer was invented and made by N. S. Heineken in 1837. A compound bar is bent into the form of the letter C and opens out or closes with variations of temperature. One end of the bar is secured to the base of the instrument, and the other is free to act upon a lever bearing a toothed arc. This arc, by means of a pinion and wheel, moves a rack carrying a pencil by which a record is made upon the paper of the drum. This drum is ruled for temperature and divided by twelve vertical lines for the hours."", ""self-registering thermometer"", ""compound bar bent into the form of the letter C"", ""record is made upon the paper of the drum"", ""drum is ruled for temperature and divided by twelve vertical lines for the hours""], ""other"": [""Inv. 1915-419"", ""1922""]}","{""object_names"": [""Model of Heineken thermograph""], ""makers"": [""Corser, Thomas""], ""materials"": [], ""dates"": [], ""places"": [], ""descriptions"": [""Meteorology model""], ""other"": [""Model""]}"
30,8,4,1,1,1,1,1,0,1,1,0,0,3,1,1,0,"{""object_names"": [], ""makers"": [""The Royal Meteorological Society""], ""materials"": [""mercury"", ""glass""], ""dates"": [], ""places"": [], ""descriptions"": [""Six's thermometer of which the part of the tube containing the mercury is bent into the form of a circle"", ""This circular part is set in a vertical position, while the bulbs and connecting tube form a horizontal axis on which the whole instrument is free to turn"", ""The expansion or contraction of the alcohol in the thermometer through changes of temperature causes a movement of the mercury in contact with it, and a consequent change in the position of the centre of gravity of the apparatus, with the result that the glass circular tube turns"", ""An index can be so arranged in connection with the tube as to mark on a paper the movement and thus record the rise and fall of temperature""], ""other"": [""Inv. 1915-418""]}","{""object_names"": [], ""makers"": [], ""materials"": [], ""dates"": [""c. 1872""], ""places"": [], ""descriptions"": [""Meteorology thermograph; thermograph""], ""other"": [""Edward Orange Wildman""]}"
31,12,13,1,2,1,1,1,0,1,1,1,3,6,5,1,1,"{""object_names"": [""THERMOGRAPH""], ""makers"": [""The Meteorological Office""], ""materials"": [""bi-metallic spiral""], ""dates"": [""1922""], ""places"": [""the British Isles""], ""descriptions"": [""This instrument, which is of the Meteorological Office pattern, is designed to furnish a continuous record of temperature at any place."", ""For meteorological use it must be exposed out of doors, preferably in a screen."", ""It consists essentially of a bi-metallic spiral, one end of which is firmly secured, the motion of the other extremity being communicated by a shaft to a long lever arm carrying a pen."", ""This pen bears lightly on a clock-drum carrying a daily or weekly chart."", ""A device is provided for altering the position of the pen on the chart and so setting the pen for different seasons or climates."", ""Two ranges of charts are used in the British Isles; the Winter chart, which has a range from $-10^{\\circ}$ F. to $65^{\\circ}$ F., and the Summer chart from $30^{\\circ}$ F. to $105^{\\circ}$ F., the proper date for changing from one set of charts to the other varying considerably with the locality."", ""For London the changes should be made about the middle of April and of October respectively.""], ""other"": [""Inv. 1921-75.""]}","{""object_names"": [""Bimetallic Thermograph"", ""Heat temperature recorder (mechanical)"", ""thermograph"", ""thermometer"", ""measuring device"", ""temperature recorder (mechanical)""], ""makers"": [""Short & Mason Ltd.""], ""materials"": [], ""dates"": [""1901-1920""], ""places"": [""London, England, United Kingdom"", ""Walthamstow"", ""Waltham Forest"", ""Greater London""], ""descriptions"": [""to record temperature through impedance"", ""Registered design no. 563014.""], ""other"": [""Short and Mason Limited""]}"
32,12,11,1,2,1,1,2,0,2,1,1,2,4,3,1,2,"{""object_names"": [""NORWEGIAN THERMOMETER SCREEN""], ""makers"": [""Prof. H. M\u00f6hn, Christiania""], ""materials"": [""sheet iron"", ""double walls""], ""dates"": [""about 1875"", ""1876-780""], ""places"": [""Christiania""], ""descriptions"": [""designed by Prof. H. M\u00f6hn about 1875 for use at stations under the control of the Norwegian Meteorological Institute"", ""intended as a shelter for a minimum thermometer only"", ""supported outside a window on a horizontal rod which is designed to pass through the window frame, so that the screen and thermometer together may be tilted in order to set the instrument"", ""protect the minimum spirit thermometer, which is of the Rutherford type, from radiation""], ""other"": [""Inv. 1876-780""]}","{""object_names"": [""Screen with one minimum thermometer"", ""Meteorology thermometer screen""], ""makers"": [""Mohn, Prof. H""], ""materials"": [], ""dates"": [""1875""], ""places"": [""Oslo, Norway""], ""descriptions"": [""as used in (Christiania) Norway, 1875"", ""thermometer screen""], ""other"": [""Norway"", ""Oslo""]}"
33,15,11,2,2,1,1,2,2,2,1,2,1,5,3,1,1,"{""object_names"": [""NORWEGIAN THERMOMETER SCREEN""], ""makers"": [""Prof. H. M\u00f6hn""], ""materials"": [""sheet-iron"", ""conical roof""], ""dates"": [""about 1875"", ""1922""], ""places"": [""Christiania"", ""Norway""], ""descriptions"": [""designed by Prof. H. M\u00f6hn about 1875 for obtaining the air temperature"", ""used at stations controlled by the Norwegian Meteorological Institute"", ""single walled cylindrical shelter"", ""to be mounted outside a window or on a wall, and kept in the shade"", ""Adequate ventilation is provided by the absence of a floor and by large air vents immediately below the conical roof"", ""A sensitive thermometer is supported axially in the screen by two radial arms"", ""can be read through a rectangular aperture in the side of the screen"", ""thermometer is graduated in intervals of 2\u00b0 from \u201340\u00b0 C. to 35\u00b0 C.""], ""other"": [""Inv. 1876-781""]}","{""object_names"": [""Thermometer screen"", ""thermometer"", ""mounting brackets""], ""makers"": [""Mohn, Prof. H""], ""materials"": [""two iron bars for screen""], ""dates"": [""1875""], ""places"": [], ""descriptions"": [""Screen containing one thermometer"", ""loose"", ""as used in Norway"", ""Meteorology thermometer""], ""other"": []}"
34,12,11,1,2,1,3,2,0,2,1,1,1,4,3,1,1,"{""object_names"": [""NORWEGIAN THERMOMETER SCREEN""], ""makers"": [""Prof. H. M\u00f6hn""], ""materials"": [""sheet-iron"", ""louvred""], ""dates"": [""about 1875"", ""1876-782""], ""places"": [""Christiania""], ""descriptions"": [""designed about 1875 by Prof. H. M\u00f6hn for meteorological stations of the second order, controlled by the Norwegian Meteorological Institute"", ""single walled shelter designed to be mounted outside a window and kept in the shade"", ""back being louvred and the fact that no front or floor is provided, ensure adequate ventilation"", ""contains dry and wet bulb thermometers, a minimum thermometer of the Rutherford pattern, and a single-hair hygrometer of the type designed by Saussure""], ""other"": [""Inv. 1876-782""]}","{""object_names"": [""Screen for hygrometers with thermometers and their box"", ""Screen for hygrometers containing wet and dry bulb thermometers, hair hygrometer and minimum thermometer"", ""Meteorology thermometer screen"", ""thermometer screen""], ""makers"": [""Grave, R."", ""Herman and Pfister"", ""Mohn, Prof. H""], ""materials"": [], ""dates"": [""1875""], ""places"": [""Oslo, Norway""], ""descriptions"": [""as used in Norway"", ""screen for hygrometers with thermometers and their box"", ""screen for hygrometers containing wet and dry bulb thermometers, hair hygrometer and minimum thermometer""], ""other"": []}"
35,15,12,1,2,1,1,1,1,1,1,1,2,7,5,3,0,"{""object_names"": [""DIAGONAL BAROMETER""], ""makers"": [""The Admiralty""], ""materials"": [""leather base"", ""adjusting screw""], ""dates"": [""about 1750""], ""places"": [""London""], ""descriptions"": [""instrument, which dates from about 1750, is of the type designed by Sir Samuel Morland"", ""In order to obtain an open scale, the upper portion of the tube is inclined considerably to the vertical, and any change in the baro-metric pressure is accompanied by a much greater motion of the mercury along the tube than in the case when the barometer tube is vertical"", ""closed cistern barometer"", ""operated from below"", ""barometer tube is bent at an angle of about 80\u00b0 near the 28-in. graduation"", ""graduated scale corresponding to a baro-meter variation of 3 in., but having a length of about 20 in., is fixed alongside the upper portion of the tube, enabling the barometer to be read to 0\u00b701 in."", ""Mounted on the same board is an alcohol thermometer, graduated according to the Fahrenheit scale""], ""other"": [""Inv. 1876-814"", ""S.M. 987"", ""L.S""]}","{""object_names"": [""Hygrometer"", ""box containing blackboard""], ""makers"": [], ""materials"": [""walnut and mahogany frame"", ""glazed frame""], ""dates"": [""1763-1765""], ""places"": [""Charing Cross, City of Westminster, London, England, United Kingdom""], ""descriptions"": [""Diagonal mercury barometer"", ""Fitted in glazed frame with hygrometer"", ""Perpetual almanac showing moon phases, days of the month and dates of Easter from 1753-1852"", ""Meteorology"", ""hygrometer""], ""other"": []}"
36,13,10,1,1,1,1,4,1,1,1,1,2,4,2,1,2,"{""object_names"": [""PORTABLE CISTERN BAROMETER""], ""makers"": [], ""materials"": [""wood"", ""leather"", ""mahogany"", ""screw""], ""dates"": [""middle of the eighteenth century""], ""places"": [""London""], ""descriptions"": [""closed cistern type"", ""represents the stage of development of the barometer about the middle of the eighteenth century"", ""A scale graduated in inches and tenths is fixed near the upper end of the barometer tube, and carries a pointer which may be set at the barometer reading."", ""A series of nine weather indications are engraved opposite the appropriate graduations, enabling the instrument to be used as a weather glass.""], ""other"": [""Inv. 1920-54""]}","{""object_names"": [""Barometer""], ""makers"": [""Francis Watkins""], ""materials"": [""mercury""], ""dates"": [""1747-1765""], ""places"": [""England"", ""United Kingdom""], ""descriptions"": [""mercury barometer"", ""mercury barometer""], ""other"": [""Watkins, Francis""]}"
37,16,11,1,1,1,2,4,0,1,1,0,3,7,1,2,3,"{""object_names"": [""STANDARD FORTIN BAROMETER""], ""makers"": [], ""materials"": [""ivory"", ""leather"", ""metal"", ""Fahrenheit thermometer""], ""dates"": [""About 1810""], ""places"": [], ""descriptions"": [""closed cistern barometer embodying the principle first suggested by Fortin"", ""adjusting the mercury in the cistern until its surface is just in contact with a fixed ivory point"", ""graduations of this instrument are made from the tip of the ivory pointer in the cistern which indicates the zero of the scale"", ""surface of the mercury is brought into contact with this tip by means of a screw at the bottom of the barometer, which, acting on an inner flexible leather base of the cistern, raises or lowers the contents"", ""readings obtained in this way give the actual height of the mercury column from the surface of the mercury in the cistern, and the capacity error is thus eliminated"", ""A metal scale and vernier enable this height to be read to 0\u00b7002 in."", ""A barometer tube is supported by a bracket and fitted with a ring and clamping screws, so that it may be fixed readily in a vertical position, which is essential for accurate observations""], ""other"": [""Inv. 1885-116 & 117""]}","{""object_names"": [""Fortin standard barometer""], ""makers"": [""Jean Nicolas Fortin""], ""materials"": [], ""dates"": [""1885""], ""places"": [""449 Strand, London"", ""London, England, United Kingdom""], ""descriptions"": [""Meteorology barometer; barometer""], ""other"": [""Elliott Brothers""]}"
38,16,14,1,1,2,2,3,0,1,1,0,5,7,2,2,3,"{""object_names"": [""OPEN CISTERN BAROMETER""], ""makers"": [""The Royal Society""], ""materials"": [""mahogany"", ""ivory"", ""mercury""], ""dates"": [""About 1820""], ""places"": [], ""descriptions"": [""This open cistern mercurial barometer, which dates from about 1820, was made for the Royal Society by Newman, under the direction of Dr. Daniell."", ""This cistern is turned in well-seasoned mahogany, and there is a small cavity in its base to receive the end of the barometer tube, while a groove communicates with a cavity to ensure the free passage of the mercury."", ""An ivory float with marked stem indicates the change of level of the mercury in the cistern with the rise or fall of the barometer, and by means of which the level may be taken very accurately."", ""The tube has a large bore (0\u00b753 in.), hence the error from capillarity is small, and the correction to be applied for the capacity of the cistern is 0\u00b701 of the distance above or below the neutral point, which is given on the instrument as 30\u00b7576 in."", ""A scale reading to 0\u00b7002 in. enables the barometric height to be read and reduced to the standard temperature of 32\u00b0 F."", ""A small thermometer in front of the instrument dips into the mercury of the cistern, and is graduated with the R\u00e9aumur and Fahrenheit scales."", ""(See Meteorological Essays and Observations, by J. F. Daniell, F.R.S., 1823.)""], ""other"": [""Inv. 1893-142"", ""barometer"", ""neutral point, which is given on the instrument as 30.576 in.""]}","{""object_names"": [""Open-cistern barometer on gimballs""], ""makers"": [""John Newman, London, England"", ""John Frederic Daniell"", ""Newman, John""], ""materials"": [], ""dates"": [""1820""], ""places"": [""London"", ""England"", ""London, England"", ""Greater London"", ""England, United Kingdom"", ""United Kingdom""], ""descriptions"": [""in two parts - major and minor - designed by John Frederic Daniell, and made by John Newman, London, England, 1820"", ""Meteorology barometer; barometer""], ""other"": [""Daniell, John Frederic"", ""gimballs""]}"
39,16,9,1,1,2,2,3,0,2,1,0,4,6,1,2,0,"{""object_names"": [], ""makers"": [""Sir H. Davy""], ""materials"": [""iron cistern"", ""iron plunger"", ""mercury""], ""dates"": [""1824 (applied to siphon barometer)"", ""1893""], ""places"": [], ""descriptions"": [""This barometer, which dates from 1824, was made for the Royal Society by Newman under the direction of Sir H. Davy."", ""It consists of an open cylindrical iron cistern into which dips the lower end of the barometer tube."", ""Within the lower part of the main tube is enclosed a second tube tapering downwards and terminating in a small orifice as applied to the siphon barometer by Bunten in the same year, thereby preventing access of air to the vacuum."", ""Correction is made for capacity error by means of an iron plunger, which is of the same diameter as the interior of the barometer tube, and is made to dip into the mercury of the cistern."", ""When the vernier is raised or lowered for taking readings, the plunger is moved simultaneously, but in a contrary direction, by the action of a pinion and a double rack."", ""Thus any decrease or increase in the amount of mercury in the cistern, consequent on a rise or fall of the barometer, is compensated by the immersion of the plunger."", ""A barometer is attached to the instrument, the bulb of which is placed in the cistern."", ""A graduated scale and vernier are fitted, enabling the barometric height to be read to 0.002 in.""], ""other"": [""Lent by The Royal Society"", ""Inv. 1893-138""]}","{""object_names"": [], ""makers"": [""John Frederick Newman""], ""materials"": [], ""dates"": [], ""places"": [""London"", ""Greater London"", ""England"", ""United Kingdom""], ""descriptions"": [""Meteorology open-cistern barometer""], ""other"": []}"
40,11,12,1,1,1,1,2,1,1,1,0,3,5,2,1,3,"{""object_names"": [""LARGE CISTERN BAROMETER""], ""makers"": [""R. C. Woods""], ""materials"": [""glass"", ""mercury""], ""dates"": [""1837""], ""places"": [], ""descriptions"": [""Lent by The Royal Meteorological Society"", ""standard barometer for the Meteorological Society"", ""capable of holding about 70 lb. of mercury"", ""sectional areas of the cistern and tube are in the proportion of 50 to 1"", ""corrections for capacity error are thus rendered unnecessary"", ""Graduated scales are attached near the upper end of the tube"", ""barometric height can be read in French or English units"", ""latter with an accuracy of 0.001 in.""], ""other"": [""Inv. 1915-422""]}","{""object_names"": [""Large-cistern standard barometer""], ""makers"": [""Robert Carr Woods""], ""materials"": [""mercury""], ""dates"": [""1837""], ""places"": [""London, England"", ""London, England, United Kingdom""], ""descriptions"": [""by Robert Carr Woods"", ""standard barometer"", ""Meteorology"", ""mercury barometer"", ""mercury barometer""], ""other"": [""Science Museum Group Collections Online"", ""Woods, Robert Carr""]}"
41,19,7,2,2,2,1,3,0,2,1,2,1,7,2,1,0,"{""object_names"": [""RONALDS'S ORIGINAL PHOTO-BAROMETROGRAPH""], ""makers"": [""Sir Francis Ronalds"", ""The Meteorological Office""], ""materials"": [""daguerrotype plate"", ""argand lamp"", ""zinc rods""], ""dates"": [""1847"", ""1851""], ""places"": [""Kew Observatory"", ""Brit. Assoc. Report""], ""descriptions"": [""apparatus was designed and constructed by Sir Francis Ronalds in 1847, for registering photographically the changes in the height of the barometer upon a daguerrotype plate."", ""It was afterwards erected and used at the Kew Observatory."", ""In this instrument the light from an argand lamp, after passing through a condensing lens, falls on a narrow slit cut in a metal plate attached to a barometer tube, the mercury in which, by rising or falling, varies the length of the slit illuminated."", ""An achromatic combination of lenses, by Voigtlander, throws a magnified image of the bright slit upon an aperture in the case, past which a daguerrotype plate is moved slowly by clockwork, and so registers the changes in the height of the barometer."", ""The barometer itself, together with the cistern, which is of large area, is suspended from a system of levers and zinc rods, on the principle of the gridiron pendulum, in such a manner as to render the indications immune from the effects of temperature fluctuation."", ""An improved form of this instrument, in which the photographic image is received upon paper, was developed later, and employed in many observations."", ""Lent by""], ""other"": [""Inv. 1876-795""]}","{""object_names"": [""Ronalds' photobarometrograph""], ""makers"": [], ""materials"": [], ""dates"": [], ""places"": [""ex Kew Observatory""], ""descriptions"": [""Meteorology"", ""photobarometrograph""], ""other"": []}"
42,15,10,1,1,1,1,3,2,2,1,1,0,5,2,2,3,"{""object_names"": [], ""makers"": [], ""materials"": [""pure glycerine"", ""paraffin oil""], ""dates"": [""1873"", ""1876""], ""places"": [""well of the staircase between the upper and lower galleries""], ""descriptions"": [""delicate \""weather glass\"" indicating small changes of pressure by considerable variations in the height of the indicating column, and at the same time preserving the accuracy of the mercurial barometer"", ""specific gravity of 1.26, or about one-tenth that of mercury"", ""high boiling point"", ""low vapour tension at ordinary temperatures"", ""not subject to the errors of a water barometer"", ""fluctuations of the column of glycerine are observed in a glass tube of 1 sq. in. sectional area, or one-hundredth that of the cistern"", ""divided scale on the right hand side is in inches, and that on the left shows the equivalent values reduced to a column of mercury""], ""other"": [""Inv. 1876-760"", ""Proc. Roy. Soc., Vol. XXX, 1873, p. 105""]}","{""object_names"": [], ""makers"": [], ""materials"": [""lead piping""], ""dates"": [], ""places"": [], ""descriptions"": [""glazed case"", ""(?) chart""], ""other"": [""Meteorology barometer"", ""barometer"", ""(see part records)""]}"
43,12,6,1,1,1,1,0,0,3,1,0,0,5,1,2,2,"{""object_names"": [], ""makers"": [], ""materials"": [], ""dates"": [""1876 (designed)"", ""1851"", ""1853""], ""places"": [], ""descriptions"": [""similar in principle to those of Hall in 1851 and Rankine 1853"", ""designed by Mr. Stanley in 1876 in order to secure the mean of the atmospheric pressure for any given period, as hourly, daily, weekly, monthly or yearly, by simple observations."", ""a barometer tube of modified construction is suspended as a pendulum, and driven as an ordinary time pendulum, by clockwork."", ""the modification consists principally in making the vacuum chamber at the top and the cistern below of nearly equal diameters, so that increase of atmospheric pressure shall raise as great a weight as is necessary to shorten the radius of the centre of oscillation sufficiently for the clock to be accelerated considerably thereby."", ""the clockwork is so constructed that the number of oscillations of the pendulums are continuously counted off on the dial, which reads decimally up to ten millions, and it is found that a rise of 1 in. of mercury in the barometer pendulum accelerates the clock about 949 beats per day."", ""To ascertain the mean atmospheric pressure over a given period by this instrument, the time of observation at which the period commences must be taken by an ordinary clock simultaneously with the reading of the dial, as also at the end of the given period."", ""Temperature correction is made by means of the temperature clock or chronothermometer shown adjacent.""], ""other"": [""Inv. 1886-70"", ""Q. J. R. Met. Soc., Vol. III, 1877, p. 352, and Vol. XII, 1886, p. 115.""]}","{""object_names"": [], ""makers"": [], ""materials"": [], ""dates"": [], ""places"": [], ""descriptions"": [""Meteorology chronobarometer; chronobarometer 1876 Stanley, William Ford""], ""other"": []}"
44,8,7,1,1,1,1,0,0,2,1,0,3,3,1,1,0,"{""object_names"": [""BAROMETER ADJUNCT""], ""makers"": [""L. Casella, Esq.""], ""materials"": [], ""dates"": [""1880 (lent date)"", ""1893""], ""places"": [], ""descriptions"": [""designed in 1880 by Wallis for use with the Fortin barometer in adjusting the level of the mercury in the cistern before taking a reading"", ""consists of a small microscope for attachment to the cistern, to facilitate adjustment of the ivory point"", ""See Q. J. R. Met. Soc., Vol. VI, p. 164.""], ""other"": [""Inv. 1893-156""]}","{""object_names"": [""Wallis barometer eyepiece""], ""makers"": [""L. Casella, London, England""], ""materials"": [], ""dates"": [], ""places"": [""London"", ""England"", ""Greater London"", ""United Kingdom""], ""descriptions"": [""Meteorology barometers; barometers""], ""other"": []}"
45,15,10,1,1,1,1,4,0,1,1,0,4,7,2,1,1,"{""object_names"": [""PORTABLE PEDIMENT BAROMETER""], ""makers"": [""Messrs. Elliott Bros.""], ""materials"": [""mercurial"", ""closed cistern type"", ""cylindrical wooden cistern"", ""flexible leather diaphragm""], ""dates"": [""1922""], ""places"": [], ""descriptions"": [""may also be used as a weather glass"", ""fitted with a flexible leather diaphragm, which is adjusted by means of a screw operated from below"", ""Opal scales and a double index are provided behind the upper end of the tube"", ""rackwork verniers enable the reading to be made to 0\u00b701 in. and compared with that of the previous day"", ""Barometer indications are given on one scale for a rising, and on the other for a falling, barometer"", ""thermometer attached to the front of the instrument indicates temperatures in the Fahrenheit and Centigrade scales"", ""portable""], ""other"": [""Inv. 1890-49""]}","{""object_names"": [""Pediment barometer""], ""makers"": [""Elliott Brothers""], ""materials"": [], ""dates"": [""19th century"", ""1853-1900""], ""places"": [""London"", ""Greater London"", ""England"", ""United Kingdom""], ""descriptions"": [""Meteorology barometer"", ""barometer""], ""other"": []}"
46,12,5,1,1,1,0,3,0,1,1,0,0,5,1,1,2,"{""object_names"": [], ""makers"": [""Messrs. P. Harris & Co.""], ""materials"": [""wooden"", ""flexible leather base"", ""screw""], ""dates"": [], ""places"": [], ""descriptions"": [""closed cistern type"", ""cylindrical cistern"", ""adjusted by a screw operated from below"", ""graduated scale fitted with two rackwork verniers"", ""height of the barometer can be read to 0\u00b701 in. and compared with the reading of the previous day"", ""Four weather indications are also given opposite the appropriate graduations, enabling the instrument to be used as a weather glass""], ""other"": [""Inv. 1889-24""]}","{""object_names"": [], ""makers"": [], ""materials"": [], ""dates"": [], ""places"": [], ""descriptions"": [""Meteorology barometer"", ""barometer 1801-1900""], ""other"": []}"
47,19,15,1,2,1,1,3,2,1,1,2,3,10,4,1,2,"{""object_names"": [""STATION BAROMETER""], ""makers"": [], ""materials"": [""metal case"", ""leather washer"", ""air-trap""], ""dates"": [], ""places"": [""British Isles""], ""descriptions"": [""Kew Pattern Station barometer"", ""in general use in the British Isles at the present time"", ""used at all land stations under the control of the Meteorological Office"", ""glass tube is considerably contracted for the greater portion of its length in order to prevent unsteadiness of the mercury column or \""pumping\"""", ""to strengthen the tube"", ""to lessen the weight of mercury"", ""mounted on gimbals to ensure verticality"", ""upper part of the instrument carries a scale"", ""graduated in millibars and inches"", ""vernier enables the height to be read to 0.01 millibars or 0.002 in"", ""thermometer, which is graduated to read temperature on the Fahrenheit scale from 5\u00b0 F. to 130\u00b0 F., and on the absolute scale from 253a to 328a"", ""small hole in the upper part of the cistern admits access to the super-incumbent air in the cistern"", ""washer of leather permits the atmosphere to exert pressure, but prevents the mercury escaping from the cistern"", ""To prevent air and moisture leaking into the vacuum above the mercury column"", ""as suggested by Bunten in 1824"", ""inserted between the cistern and the top of the mercury column"", ""By this means, any air entering the tube becomes imprisoned at the trap, and therefore cannot interfere with the efficiency of the instrument""], ""other"": [""Inv. 1914-312""]}","{""object_names"": [""Barometer"", ""fixed-cistern barometer""], ""makers"": [""S. & A. Calderara""], ""materials"": [""mercury""], ""dates"": [""1914""], ""places"": [""Springfield Gardens, Clapton, London, England, UK"", ""London, Greater London, England, United Kingdom""], ""descriptions"": [""Kew pattern"", ""for use at meteorological stations"", ""serial no. 1382"", ""with Meteorological Office mark"", ""The barometer scale is marked in centibars"", ""has a vernier for precision readings"", ""A mercury thermometer, marked in kelvins, is mounted on the outside of the case"", ""Meteorology barometer"", ""barometer 1914""], ""other"": [""serial no. 1382"", ""Meteorological Office mark""]}"
48,16,11,1,1,2,2,5,0,2,1,0,4,4,2,2,1,"{""object_names"": [], ""makers"": [""Lent by The Meteorological Office""], ""materials"": [""closed metal cylinder"", ""large wooden case"", ""feathers"", ""non-conducting material"", ""fine capillary tube"", ""hollow cylindrical bell"", ""mercury""], ""dates"": [""1922""], ""places"": [], ""descriptions"": [""to secure a magnified record of the minor fluctuations of atmospheric pressure, and, at the same time, to disentangle these fluctuations from the general barometric surges"", ""containing air at approximately atmospheric pressure"", ""provided with a mechanical arrangement by which the variations of the difference of the pressures inside and out are recorded"", ""In order that the temperature of this air may only change slowly"", ""the cylinder is enclosed in a large wooden case, the intervening space being packed with feathers, or some other non-conducting material"", ""in order that the pressure inside may not differ materially from that outside, a very small leak is allowed, through a fine capillary tube, which does not interfere with changes of short period, but prevents the pen from wandering from its mean position during a steady rise or fall of the barometer"", ""A hollow cylindrical bell floats mouth downwards in a vessel containing mercury, and the interior of the bell communicates with the air chamber through a vertical pipe"", ""Fairly rapid decrease of external pressure, or increase of internal pressure, causes the bell to rise, and the motion is magnified by a system of levers and communicated to the pen, which records on a chart rotated by clockwork"", ""(See Q. J. R. Met. Soc., 1905, p. 39.)""], ""other"": [""Inv. 1921-74""]}","{""object_names"": [], ""makers"": [], ""materials"": [], ""dates"": [], ""places"": [""London"", ""Greater London"", ""England"", ""United Kingdom""], ""descriptions"": [""Meteorology barograph; barograph""], ""other"": []}"
49,14,9,1,1,1,1,0,1,3,1,0,3,7,1,2,1,"{""object_names"": [""MICROMETER-READING BAROMETER""], ""makers"": [""Negretti and Zambra""], ""materials"": [], ""dates"": [""1922"", ""1919 (Patented)"", ""1921""], ""places"": [], ""descriptions"": [""Designed and patented by Mr. F. L. Halliwell in 1919 in order to incorporate in a station barometer the accuracy and ease of reading which are peculiar to the micrometer."", ""In this barometer the vernier is dispensed with, and the finer readings are made direct on a drum micrometer."", ""The barometer, which is of the Kew pattern, is suspended freely from an arm and may be clamped in position by the three screws at the lower end."", ""The upper portion of the tube is surrounded by a metal cylindrical collar, carrying at its upper extremity a sighting piece bearing an arrow which moves along the scale."", ""The motion of the collar is governed by the rotation of the micrometer head, by means of which its position may be adjusted."", ""When taking a reading, the sighting piece is brought level with the top of the mercury by revolving the micrometer head."", ""The arrow mark on the sighting piece shows the reading to the nearest 0.1 in., while the micrometer drum indicates to 0.001 in., which can be subdivided easily by the eye to 0.0002 in."", ""In the case of instruments fitted with the metric and C.G.S. scales, the barometric height can be determined similarly to 0.025 mm. and 0.025 millibars respectively.""], ""other"": [""Pat. Specn. No. 139029, 1919"", ""Inv. 1921-321""]}","{""object_names"": [""Kew station barometer""], ""makers"": [""Negretti and Zambra""], ""materials"": [""Board of Trade cistern""], ""dates"": [""1919""], ""places"": [""London, England"", ""London, Greater London, England, United Kingdom""], ""descriptions"": [""barometer""], ""other"": [""serial No.3127 (backboard)"", ""Metrology barometer""]}"
50,14,10,1,1,1,2,4,1,1,1,0,3,4,1,3,1,"{""object_names"": [""MARINE BAROMETER""], ""makers"": [], ""materials"": [""metal case"", ""wooden cistern"", ""flexible leather cap"", ""mahogany case""], ""dates"": [""early part of the nineteenth century""], ""places"": [], ""descriptions"": [""instrument was made by Thomas Jones in the early part of the nineteenth century."", ""provided at its lower end with a flexible leather cap, adjusted by a screw operated below."", ""bore of the barometer tube is contracted for the greater portion of its length to minimise \""pumping\"""", ""provided with a brass scale and vernier near its upper extremity. It is graduated in tenths of an inch and reads by vernier to one-hundredth. A thermometer is attached to the instrument which reads from 0\u00b0 to 134\u00b0 F.""], ""other"": [""Lent by The Meteorological Office"", ""Inv. 1908-83"", ""S.M. 1437, L.S""]}","{""object_names"": [""Marine barometer""], ""makers"": [""Thomas Jones, 62 Charing Cross, London, England"", ""Jones, Thomas""], ""materials"": [""mercury thermometer""], ""dates"": [""1820-1830""], ""places"": [""62 Charing Cross, London, England"", ""London, England"", ""United Kingdom""], ""descriptions"": [""mercury thermometer""], ""other"": [""Meteorology""]}"
51,13,4,1,1,1,1,3,0,1,1,0,0,5,0,2,1,"{""object_names"": [], ""makers"": [], ""materials"": [""metal-cased"", ""iron cistern"", ""mercury thermometer""], ""dates"": [], ""places"": [], ""descriptions"": [""open iron cistern replaces the customary wooden one"", ""instrument is rendered portable by screwing the lower portion of the case"", ""mercury thermometer is fitted with its bulb in the cistern so as to indicate the temperature of the mercury accurately"", ""By means of a graduated scale and vernier the barometric height can be read off to 0.002 in."", ""Newman called attention to the inaccuracy of the ordinary system of marking off barometer scales from a presumed standard, without regarding the absolute height of the mercury, or the relative proportions of the diameters of the tubes and cisterns. (See Quart. Jour. of Science, Vol. XVI, p. 277.)""], ""other"": [""Lent by The Meteorological Office"", ""Inv. 1908-86""]}","{""object_names"": [], ""makers"": [], ""materials"": [], ""dates"": [], ""places"": [], ""descriptions"": [], ""other"": [""Meteorology marine barometer"", ""marine barometer 1824 Newman, John""]}"
52,10,9,1,1,1,1,2,0,1,1,0,4,4,2,1,0,"{""object_names"": [], ""makers"": [], ""materials"": [""leather cap"", ""metal scale""], ""dates"": [], ""places"": [], ""descriptions"": [""closed cistern type"", ""leather cap of which can be adjusted from below"", ""designed to be mounted on gimbals"", ""rackwork vernier enables the barometer height to be read to 0.002 in."", ""No thermometer is fitted""], ""other"": [""Lent by The Meteorological Office""]}","{""object_names"": [], ""makers"": [""Anthony""], ""materials"": [], ""dates"": [""1838-1849""], ""places"": [""London"", ""Greater London"", ""England"", ""United Kingdom""], ""descriptions"": [""Meteorology marine barometer; marine barometer""], ""other"": []}"
53,10,11,1,2,2,2,0,0,1,1,0,3,5,2,1,1,"{""object_names"": [""MARINE BAROMETER""], ""makers"": [""The Meteorological Office""], ""materials"": [], ""dates"": [""first half of the nineteenth century""], ""places"": [], ""descriptions"": [""supported by a spring arm, designed to reduce oscillations"", ""instrument is almost identical with that by Dennis, shown adjacent"", ""bore of the tube is contracted in the central portion in order to eliminate \""pumping\"""", ""still further damped by the spring arm"", ""scale is graduated in tenths of an inch, and a vernier enables the height to be read to one-hundredth of an inch"", ""A thermometer is fitted, graduated according to the Fahrenheit and R\u00e9aumur scales""], ""other"": [""Inv. 1894-118""]}","{""object_names"": [""Bate type marine barometer"", ""marine barometer""], ""makers"": [""Robert Brettell Bate""], ""materials"": [], ""dates"": [""1808-1847""], ""places"": [""London"", ""England"", ""United Kingdom""], ""descriptions"": [""No. 16"", ""Meteorology marine barometer""], ""other"": []}"
54,13,10,1,1,1,1,2,0,1,1,0,4,6,1,2,2,"{""object_names"": [], ""makers"": [], ""materials"": [""metal case"", ""wooden cistern""], ""dates"": [], ""places"": [], ""descriptions"": [""This instrument was used during the Arctic expedition of 1853 to 1855 on board H.M.S. \""Rattlesnake.\"""", ""It is a closed cistern barometer, similar to the others shown adjacent."", ""The lower portion of the metal case has been removed in order that the wooden cistern may be seen."", ""The graduations are in tenths of an inch, and readings to hundredths are obtainable by vernier."", ""The thermometer is graduated for both the Fahrenheit and R\u00e9aumur scales.""], ""other"": [""Inv. 1908-85"", ""Lent by The Meteorological Office""]}","{""object_names"": [], ""makers"": [""John Charles Dennis, Bishopsgate Street, City of London""], ""materials"": [], ""dates"": [], ""places"": [""Bishopsgate Street"", ""City of London"", ""London"", ""Greater London"", ""England"", ""United Kingdom""], ""descriptions"": [""Meteorology marine barometer; marine barometer""], ""other"": [""Dennis, John Charles""]}"
55,16,10,2,4,1,1,2,0,2,1,1,2,7,0,1,2,"{""object_names"": [""MARINE BAROMETER"", ""sympiesometer""], ""makers"": [""T. C. Sargent"", ""The Meteorological Office""], ""materials"": [""wooden case"", ""gimbal support""], ""dates"": [""1877 (as lent date)"", ""1908""], ""places"": [""aboard H.M.S. \""Repulse\""""], ""descriptions"": [""used on board H.M.S. \""Repulse,\"" under Admiral Cochrane, in 1877"", ""closed cistern type"", ""scale is graduated in tenths of an inch"", ""two rackwork verniers enable the barometer reading to be taken to 0.01 of an inch and compared with that of the previous day"", ""sympiesometer is of the pattern designed by Adie in 1818"", ""described in an adjacent label"", ""barometer reading to be taken to 0.01 of an inch""], ""other"": [""Inv. 1908-84""]}","{""object_names"": [""Marine barometer with sympiesometer""], ""makers"": [""Thomas Cornelius Sargent""], ""materials"": [], ""dates"": [], ""places"": [""London, England"", ""United Kingdom""], ""descriptions"": [], ""other"": [""Meteorology"", ""marine barometer""]}"
56,15,7,1,1,1,1,2,0,1,1,1,2,6,2,3,0,"{""object_names"": [""EARLY SIPHON BAROMETER""], ""makers"": [], ""materials"": [""ornamental wood panel"", ""coloured alcohol""], ""dates"": [], ""places"": [], ""descriptions"": [""early siphon form"", ""short arm of the siphon is in the form of a conically shaped cistern"", ""upper portion of the main tube is graduated in eighths of an inch from 0 to 36"", ""corresponding weather indications are given in Latin and English between the extremes of \""storm\"" and \""great drought\"""", ""thermometer, which is 2 ft. long, has a large globular bulb"", ""thermometer is graduated from 0\u00b0 to 90\u00b0 in each direction from the zero, which indicates \""temperate weather\"", the limits being marked \""excessive cold\"" and \""excessive hot weather\"""", ""early form of graduation in use before the introduction of the Fahrenheit and other well-known scales of temperature""], ""other"": [""Inv. 1909-134"", ""S.M. 989"", ""L.S.""]}","{""object_names"": [""Combined barometer and thermometer""], ""makers"": [], ""materials"": [], ""dates"": [], ""places"": [""England"", ""United Kingdom""], ""descriptions"": [""Meteorology barometer; thermometer; barometer; thermometer""], ""other"": []}"
57,16,8,1,1,1,1,4,0,2,1,1,4,6,1,1,0,"{""object_names"": [], ""makers"": [], ""materials"": [""leather bag"", ""brass scale"", ""vernier"", ""wooden case""], ""dates"": [""about 1770""], ""places"": [], ""descriptions"": [""portable siphon barometer"", ""represents the stage of development at that period"", ""lower end of the barometer tube terminates in a leather bag below which is a screw, by means of which the mercury may be forced to the top of the tube for transport"", ""graduated to 0.05 in."", ""enables the barometric height to be read with an accuracy of 0.002 in."", ""A thermometer is also fitted, reading from -10\u00b0 F. to 150\u00b0 F., thereby enabling the observed reading to be corrected for the effect of temperature."", ""The whole instrument is mounted in a wooden case to facilitate transport.""], ""other"": [""Inv. 1921-565.""]}","{""object_names"": [], ""makers"": [], ""materials"": [], ""dates"": [], ""places"": [""Edinburgh, Scotland"", ""United Kingdom""], ""descriptions"": [""Meteorology barometer""], ""other"": [""J.""]}"
58,10,9,1,1,1,1,1,0,2,1,1,4,3,1,1,1,"{""object_names"": [], ""makers"": [], ""materials"": [""box"", ""thick-walled capillary tube"", ""mercury""], ""dates"": [""about 1800""], ""places"": [], ""descriptions"": [""ordinary siphon form barometer"", ""bulb is enclosed in a box at the lower end"", ""vertical thick-walled capillary tube serves to contain the column of mercury"", ""scale of inches is provided behind the upper end of the instrument"", ""weather indications are also marked""], ""other"": [""Inv. 1918-191""]}","{""object_names"": [], ""makers"": [], ""materials"": [], ""dates"": [], ""places"": [""London"", ""Greater London"", ""England"", ""United Kingdom""], ""descriptions"": [""Meteorology barometer""], ""other"": []}"
59,19,10,2,1,2,2,1,0,4,1,2,2,6,1,2,3,"{""object_names"": [""KREIL\u2019S BAROMETROGRAPH""], ""makers"": [""The Meteorological Office""], ""materials"": [""mercury"", ""pencil"", ""rectangular chart""], ""dates"": [""1922"", ""1845"", ""1870"", ""1841\u20131842""], ""places"": [""Kew Observatory""], ""descriptions"": [""This instrument, which was designed in 1841, was employed at the Kew Observatory in 1845 for the purpose of registering automatically the height of the barometer."", ""It anticipated the principle of Changeux, who, in 1870, introduced mechanism by which the recording pencil, instead of acting continuously, was left free, and struck by a hammer at definite times."", ""The apparatus consists of a siphon barometer having a float resting upon the surface of the mercury in the open end of the tube, and attached to a cord, which passes round a sector of the short arm of a balance lever, to which it is secured."", ""The other end of the lever carries an ordinary pencil, which is struck at five minute intervals by a clock regulated hammer, and makes a point on a rectangular chart drawn along in a horizontal direction by clockwork."", ""(See Magnetische und Meteorologische Beobachtungen zu Prag, 1841\u20131842.)""], ""other"": [""Inv. 1876-793""]}","{""object_names"": [""Kreil barograph""], ""makers"": [""F."", ""Kreil""], ""materials"": [], ""dates"": [], ""places"": [""Prague"", ""Czech Republic"", ""Czechoslovakia""], ""descriptions"": [""Meteorology barograph; barograph""], ""other"": [""1841 Prague"", ""1841 Czechoslovakia""]}"
60,12,8,1,1,1,4,0,0,3,1,0,0,6,2,1,0,"{""object_names"": [""MILNE\u2019S BAROGRAPH""], ""makers"": [""West""], ""materials"": [], ""dates"": [""1922"", ""1857"", ""1864""], ""places"": [], ""descriptions"": [""balance form of siphon barometer"", ""record is obtained by a float placed on the mercury of the short arm, and connected with one arm of a horizontal lever the other arm of which carries a pricker"", ""small hammer, actuated by the clock train, drives this pricker every hour against a rectangular chart which travels along horizontally to receive the record"", ""series of indentations thus made shows the fluctuations in barometric pressure"", ""paper is ruled in tenths of an inch, and estimations of smaller amounts can be made readily owing to the long range afforded by giving the greater length to the recording arm of the lever"", ""Graduated scales fitted with vernier are attached to the longer and shorter arms of the siphon tube, and enable the barometric height to be read to 0\u00b701 in.""], ""other"": [""Inv. 1894-119""]}","{""object_names"": [""Milne barograph""], ""makers"": [""Unknown maker"", ""Schoof, W. G."", ""Milne, Alexander, Sir""], ""materials"": [], ""dates"": [], ""places"": [], ""descriptions"": [""Meteorology barograph""], ""other"": []}"
61,21,12,2,2,3,2,1,1,1,1,0,1,11,2,3,3,"{""object_names"": [], ""makers"": [""Unknown maker""], ""materials"": [""potassium nitrate"", ""ammonium chloride"", ""camphor"", ""alcoholic solution"", ""distilled water""], ""dates"": [], ""places"": [], ""descriptions"": [""siphon form"", ""short arm of the siphon"", ""main tube"", ""small capacity error"", ""graduated scale"", ""read to 0\u00b71 in."", ""two pointers"", ""reading may be compared with that of the previous day"", ""mercury thermometer is fitted"", ""directions are given for forecasting weather from observations of the barometer, thermometer, and anemometer"", ""tables indicating heights above sea level, with corresponding atmospheric pressures"", ""embodies a storm glass"", ""hermetically sealed cylindrical phial"", ""crystals are said to remain at the bottom of the tube, leaving the liquid clear"", ""crystals are said to rise, when the liquid becomes turbid"", ""changes, according to Admiral Fitzroy, are due to variation of the mixture with the direction of the wind, whether the glass is exposed in the outer air or in the ordinary light of a well-ventilated room"", ""according to Tomlinson they are due entirely to variations of light and heat"", ""instrument is considered to be simply a chemical thermoscope, the changes arising solely from temperature variation""], ""other"": [""Inv. 1906-38"", ""S.M. 989"", ""L.S.""]}","{""object_names"": [], ""makers"": [], ""materials"": [""mercury""], ""dates"": [""1861-1870""], ""places"": [""Britain"", ""United Kingdom""], ""descriptions"": [""domestic"", ""unsigned"", ""metrology"", ""mercury barometer; mercury barometer""], ""other"": [""Domestic FitzRoy's Barometer"", ""FitzRoy's Barometer""]}"
62,11,10,1,2,1,1,2,0,2,1,0,4,4,1,1,1,"{""object_names"": [""ILLUMINATED WHEEL BAROMETER""], ""makers"": [""W. Hinton, Esq.""], ""materials"": [""metal plunger"", ""fine cord""], ""dates"": [""1862 (Patented)""], ""places"": [], ""descriptions"": [""This pediment barometer is of the siphon type, and is so designed that it can be read by night as well as by day."", ""The small arm of the siphon tube contains a metal plunger, which floats on the mercury and rises and falls with the liquid."", ""It is connected with a balancing weight by a fine cord passing over a pulley at the centre of the dial, which it causes to revolve, and which, by its rotary motion, moves the pointer over the circular scale."", ""It is fitted with a translucent face, which can be illuminated from behind by artificial light, as patented by Mr. Hinton in 1862, so that the barometer and thermometer scales can be observed.""], ""other"": [""Inv. 1862-101""]}","{""object_names"": [""Illuminated \""day and night\"" barometer""], ""makers"": [""Hinton""], ""materials"": [], ""dates"": [], ""places"": [""London"", ""Greater London"", ""England"", ""United Kingdom""], ""descriptions"": [""Metereology barometer""], ""other"": [""barometer""]}"
63,17,12,1,2,1,2,3,0,2,1,1,4,8,2,1,1,"{""object_names"": [""REDIER BAROGRAPH""], ""makers"": [""Redier, Paris""], ""materials"": [""ivory"", ""mercury"", ""paper-covered cylinder""], ""dates"": [""1875 (Designed)"", ""1876-773""], ""places"": [""Paris""], ""descriptions"": [""This instrument was designed by Redier in 1875 to produce mechanically a continuous record of the barometric height without the application of photography or electricity."", ""As the motive force of the mercury is not sufficient to overcome the friction of a pencil on paper, a powerful clockwork movement is employed to do the work, and the barometer only directs the action of the clockwork."", ""In this siphon barometer, a small ivory float rests on the mercury in the short arm, and carries a light, vertical needle, on the top of which rests a very light arm, which has a small ratchet at its end."", ""At the side of the apparatus are two clock movements, working in opposite directions, and a differential train unites this double cistern with a pulley, to the axis of which a cog-wheel is attached."", ""The chronometer escapement tends to draw the pulley and the pencil, and to raise the barometer upwards; the light arm pushed by the ivory float follows the movement, when the ratchet releases a fly, and allows it to revolve, which brings the barometer down again."", ""These small successive movements are followed by the pencil, and thus a straight line is produced if the barometer is stationary, and one varying right or left as the column rises or falls."", ""On the other side of the barometer are two other movements, one driving the paper-covered cylinder and the other driving a small tapping apparatus to overcome any capillarity in the barometer."", ""(See Q. J. R. Met. Soc., 1875, Vol. II, p. 412.)""], ""other"": [""Inv. 1876-773""]}","{""object_names"": [""barograph"", ""Meteorology barograph""], ""makers"": [""Redier, Louis (designer)""], ""materials"": [], ""dates"": [""1875 Paris""], ""places"": [""Ville de Paris"", ""\u00cele-de-France"", ""France""], ""descriptions"": [""A self-registering barograph, by Redier, 1875."", ""barograph""], ""other"": [""maker""]}"
64,15,12,1,1,1,1,5,2,1,1,0,3,6,1,1,3,"{""object_names"": [""MERCURY AND GLYCERINE BAROMETER""], ""makers"": [""Negretti and Zambra""], ""materials"": [""mercury"", ""glycerine"", ""barometrical tube"", ""U-tube"", ""glycerine traps""], ""dates"": [""1922""], ""places"": [], ""descriptions"": [""modification of the ordinary mercurial barometer"", ""more extended scale is obtained"", ""sensitiveness is increased"", ""siphon form"", ""vacuum as in an ordinary barometer"", ""much greater movement in the smaller tube, due to the unequal capacity of the two tubes, and the difference in the specific gravities of mercury and glycerine"", ""about 9 in. of which correspond to 1 in. of the ordinary mercurial barometer"", ""0.01 in. of the mercury barometer can be read without the use of a vernier"", ""slightest variation is plainly visible""], ""other"": [""Inv. 1906-39""]}","{""object_names"": [""Long-range mercury and glycerine barometer""], ""makers"": [""Negretti & Zambra""], ""materials"": [""mercury"", ""glycerine""], ""dates"": [""1876""], ""places"": [""London"", ""England"", ""United Kingdom""], ""descriptions"": [""Meteorology mercury barometer"", ""mercury barometer""], ""other"": [""1876"", ""1876"", ""London""]}"
65,11,12,1,1,2,2,1,1,1,1,0,4,5,2,1,1,"{""object_names"": [""DINES SELF-RECORDING BAROMETER""], ""makers"": [""W. H. Dines, Esq., F.R.S.""], ""materials"": [""mercury"", ""hollow cylinder, sealed at the top and floating inverted""], ""dates"": [""1922""], ""places"": [], ""descriptions"": [""to give a trace from which the height at any time may be determined to 0.005 in."", ""The pen is actuated by a float in the lower cistern of the siphon barometer, the motion being multiplied by a lever so that a length of 1.5 in. on the paper may correspond to a change of 1 in. in atmospheric pressure."", ""The float is in the form of a hollow cylinder, sealed at the top and floating inverted in the mercury."", ""A rise of temperature lowers the level of the mercury in the lower cistern, but at the same time it expands the air in the float, and makes it swim higher in the mercury. The volume of air is so adjusted that there may be a complete compensation."", ""There is an additional pen fixed to the frame, which draws a line of reference on each chart while it is on the clock drum, and for accurate measurement this line is taken as the zero line, since by this means the error that might be caused by placing the chart unequally on the drum, or by an incorrect printing of the charts, is avoided.""], ""other"": [""Inv. 1922-125""]}","{""object_names"": [""Dines barograph by Hicks""], ""makers"": [""James Joseph Hicks""], ""materials"": [], ""dates"": [""1904""], ""places"": [""London"", ""Greater London"", ""England"", ""United Kingdom""], ""descriptions"": [""Meteorology barograph, syphon; barograph, syphon""], ""other"": []}"
66,16,8,1,2,1,1,0,1,2,1,1,0,8,1,3,2,"{""object_names"": [""BOURDON METALLIC BAROMETERS""], ""makers"": [""E. Bourdon, Esq.""], ""materials"": [], ""dates"": [""1922"", ""1851 Exhibition""], ""places"": [""Paris""], ""descriptions"": [""instruments, the movements of which are visible"", ""type designed and introduced by Mr. Bourdon in 1850 as a modification of the ordinary form of aneroid"", ""movement consists of a thin circular-shaped elastic metal tube of elliptic section, closed at its ends, and exhausted of air"", ""On increase of atmospheric pressure, the ends approach each other, and on decrease of pressure, recede"", ""motion is communicated by gearing to a central shaft carrying an index hand, which traverses a dial plate"", ""graduations are in tenths of an inch from 28 to 31 in."", ""weather indications are also given"", ""movable pointer indicates any rise or fall in the barometer since the last reading""], ""other"": [""Inv. 1876-741 & 742"", ""S.M. 1430, L.S""]}","{""object_names"": [""Bourdon's aneroid barometer""], ""makers"": [""Bourdon, Eugene""], ""materials"": [""Brass case""], ""dates"": [""1850""], ""places"": [], ""descriptions"": [""Meteorology aneroid barometer""], ""other"": [""Collections Online Entry""]}"
67,16,12,1,1,1,2,3,1,1,1,1,2,8,3,1,2,"{""object_names"": [""EIGHT-INCH ANEROID""], ""makers"": [], ""materials"": [""thin, partially exhausted, metallic vessel"", ""silk cord"", ""graduated circular scale""], ""dates"": [], ""places"": [], ""descriptions"": [""mechanism can be readily seen and its method of operation examined"", ""surface of which is corrugated in concentric circles to render it more sensitive to pressure variation"", ""vertical rod"", ""horizontal brass arm, pivotally mounted on a horizontal shaft"", ""rocked about its axis"", ""system of levers"", ""vertical shaft which is caused to revolve"", ""index which travels over the graduated circular scale"", ""scale is graduated in tenths of an inch, and is also marked as a weather glass""], ""other"": [""Inv. 1876-759""]}","{""object_names"": [""Circular aneroid barometer"", ""aneroid barometer""], ""makers"": [""Lucien Vidie""], ""materials"": [""mahogany frame""], ""dates"": [""1876""], ""places"": [""Germany""], ""descriptions"": [""with the works exposed"", ""Meteorology aneroid barometer""], ""other"": [""1876"", ""Hamburg, Germany""]}"
68,7,9,1,1,1,1,0,0,1,1,0,2,3,2,1,2,"{""object_names"": [""ANEROID""], ""makers"": [""F. Darton & Co.""], ""materials"": [], ""dates"": [""middle of the latter half of the nineteenth century""], ""places"": [], ""descriptions"": [""instrument shows the stage of development the aneroid had reached"", ""marked as a weather glass"", ""graduated to fiftieths of an inch from 25 to 31 in.""], ""other"": [""Inv. 1875-23""]}","{""object_names"": [""Aneroid barometer""], ""makers"": [""Darton"", ""F. Darton & Co., London, England"", ""F Darton and Company""], ""materials"": [], ""dates"": [""1875""], ""places"": [""London"", ""England"", ""United Kingdom""], ""descriptions"": [""Meteorology"", ""aeroid barometer""], ""other"": [""Darton"", ""Darton, F.""]}"
69,9,9,1,1,1,1,0,0,2,1,1,2,3,2,1,2,"{""object_names"": [""LARGE ANEROID BAROMETER""], ""makers"": [], ""materials"": [], ""dates"": [""about 1875"", ""1876-774""], ""places"": [], ""descriptions"": [""designed and made by M. Redier, of Paris"", ""having a dial of 1\u00b750 metres diameter"", ""designed and made by M. Redier, of Paris, about 1875, for use at public buildings"", ""The index of the dial is actuated by a small aneroid connected through a lever with a clock having two trains which work in reverse directions. When the air pressure is constant the fans of the two trains are held fast by a cross-piece of the levers, but with a rise or fall of the pressure one or other of the fans is released, and its train thus freed to turn the index round the dial.""], ""other"": [""Inv. 1876-774""]}","{""object_names"": [""Aneroid barometer by Redier""], ""makers"": [], ""materials"": [], ""dates"": [""1875""], ""places"": [""Paris"", ""Ville de Paris, \u00cele-de-France, France""], ""descriptions"": [""on stand with large display pointer"", ""Meteorology aneroid barometer"", ""aneroid barometer""], ""other"": [""Redier (maker)""]}"
70,12,7,1,1,1,1,0,0,1,1,2,2,6,1,1,1,"{""object_names"": [""COMPENSATED ANEROID""], ""makers"": [], ""materials"": [], ""dates"": [], ""places"": [""Hamburg""], ""descriptions"": [""This instrument is of the 8 in. type which was at one time supplied by the Deutsche Seewarte for use in connection with their system of conveying weather intelligence and storm warnings."", ""The effect of pressure variation on the aneroid chamber is converted into a rotary motion of the central spindle, which carries a pointer moving over a circular scale, which is graduated in inch and millimetre scales."", ""A centigrade thermometer is fitted and reads from 15\u00b0 C. to 60\u00b0 C."", ""the instrument is compensated for temperature."", ""Adjustment of the hand of the aneroid is effected by a screw in the base of the instrument.""], ""other"": [""Presented by The Deutsche Seewarte, Hamburg.""]}","{""object_names"": [""Aneroid barometer""], ""makers"": [], ""materials"": [], ""dates"": [], ""places"": [""Hamburg, Germany""], ""descriptions"": [""Meteorology aneroid barometer""], ""other"": [""Kruss, A. (maker)""]}"
71,10,9,1,1,1,1,0,1,0,1,1,3,6,1,1,1,"{""object_names"": [""ALTIGRAPH""], ""makers"": [""Richard""], ""materials"": [], ""dates"": [], ""places"": [""Paris""], ""descriptions"": [""pocket instrument"", ""designed to give a continuous record of altitude"", ""used in meteorological work"", ""consists essentially of an aneroid box, the expansion of which is regulated by the atmospheric pressure, and is communicated by levers to a pointer carrying a pen which moves over the chart"", ""chart is mounted on two cylinders, which are rotated by clockwork, so that a record is produced from which the altitude at any given time can be determined"", ""altitude scale of the record indicates heights up to 20,000 ft., and at right angles to this is set the time scale""], ""other"": [""Lent by The Meteorological Office""]}","{""object_names"": [""Pocket aneroid barograph""], ""makers"": [""Richard Freres""], ""materials"": [""aneroid""], ""dates"": [""c 1919""], ""places"": [""Ville de Paris"", ""\u00cele-de-France"", ""France""], ""descriptions"": [""Meteorology aneroid barograph""], ""other"": [""1919""]}"
72,20,10,1,2,1,1,8,0,1,1,0,4,8,0,1,2,"{""object_names"": [""ANEROID BAROMETER (MARK I)""], ""makers"": [""The Meteorological Office""], ""materials"": [""corrugated nickel silver"", ""brass centre"", ""powerful spring"", ""circular iron base plate"", ""strong carriage"", ""mainspring"", ""compound iron and brass main lever"", ""small steel rod"", ""vertical arm of brass"", ""fine chain"", ""fine hair-spring of coiled steel"", ""silvered brass scale""], ""dates"": [""1921""], ""places"": [], ""descriptions"": [""modern type of compensated aneroid"", ""designed for the use of the Admiralty"", ""vacuum chamber composed of two discs"", ""firmly soldered together, forming a box"", ""from which the air is exhausted"", ""one having a hole drilled across it to receive a knife-edge, which suspends the vacuum chamber"", ""carries the vacuum chamber"", ""across which is fixed a strong carriage supporting the mainspring"", ""in order to compensate for temperature changes"", ""connects the end of this arm to the regulator"", ""which is furnished at its centre with a vertical arm of brass"", ""by which it communicates with the movement"", ""attached to and works round the arbor on the rise or fall of the lever"", ""keeps the hand in its proper position"", ""The hand is carried by the arbor"", ""moves over a silvered brass scale"", ""the graduations of which are engraved in inches and millibars""], ""other"": [""Inv. 1921-72""]}","{""object_names"": [""Aneroid barometer""], ""makers"": [""James J. Hicks""], ""materials"": [], ""dates"": [""1919""], ""places"": [""London"", ""Greater London"", ""England"", ""United Kingdom""], ""descriptions"": [""Meteorology aneroid barometers; aneroid barometers""], ""other"": [""M.O. Mk1""]}"
73,14,9,1,2,1,1,0,0,1,1,0,3,10,2,1,0,"{""object_names"": [""HYPSOMETRIC ANEROID""], ""makers"": [""J. H. Steward, Esq.""], ""materials"": [], ""dates"": [""1922""], ""places"": [], ""descriptions"": [""instrument is designed to enable a close reading of altitude to be obtained without the application of a vernier scale or the customary calculations"", ""movement of the aneroid is compensated, and closely resembles that of the adjacent instrument"", ""furnished with two scales, the inner fixed scale being known as the \""pressure scale,\"" and graduated in fiftieths of an inch from 25 to 31 in., and the outer and movable one as the \""altitude scale.\"""", ""revolving altitude scale consists of three concentric circles, each division on the outer circle representing 100 ft., each division on the inner circle 20 ft., and these are sub-divided to 10 ft. by means of the middle circle of divisions"", ""divisions are so arranged that in connection with the index hand the altitude can be read to 5 ft. or less"", ""Half the altitude scale, known as the \""ascent\"" scale, is divided to the left and coloured black, and the other half, known as the \""descent\"" scale, to the right and coloured red"", ""altitude scale is calculated by taking 30 on the pressure scale as zero, at a mean temperature of air 50\u00b0 F."", ""movement of the aneroid is designed to give an equally divided altitude scale in a closed circle, no error is introduced when the zero is shifted"", ""small pointer is carried on a bezel ring which can be revolved independently of the altitude scale, while a reading lens is provided to eliminate paralactic error"", ""swing thermometer is supplied, which is graduated from 20\u00b0 F. to 160\u00b0 F.""], ""other"": [""Inv. 1921-146""]}","{""object_names"": [""Compensated Aneroid Barometer"", ""Surveying aneroid barometer""], ""makers"": [""J.H. Steward Limited""], ""materials"": [], ""dates"": [""1913-1916""], ""places"": [""London, England"", ""Strand, City of Westminster, London, England, United Kingdom""], ""descriptions"": [""with separate thermometer, case and box""], ""other"": []}"
74,11,11,1,1,1,1,2,0,1,1,0,3,5,3,1,2,"{""object_names"": [""LARGE PATTERN BAROGRAPH""], ""makers"": [], ""materials"": [""thirteen aneroid chambers"", ""metal drum""], ""dates"": [""1922""], ""places"": [], ""descriptions"": [""self-recording aneroid barometer designed to give automatically a continuous record of atmospheric pressure, and to indicate at a glance any change in the value of that pressure"", ""specially-constructed movement"", ""effect of atmospheric pressure on these chambers is communicated by means of levers to a long arm carrying a pen at its extremity"", ""pen is adjusted so as to touch the paper chart"", ""chart, carried upon a metal drum, which is revolved by clockwork, one revolution being completed in seven days"", ""pen marks the chart paper, tracing a continuous record of the barometric pressure, which may be read off in millibars on the vertical scale of the chart""], ""other"": [""Inv. 1914-403""]}","{""object_names"": [""Portable barograph"", ""Portable aneroid barograph""], ""makers"": [""Short & Mason Ltd.""], ""materials"": [], ""dates"": [""1909-1914""], ""places"": [""London, England"", ""London, England, United Kingdom""], ""descriptions"": [""Meteorology barograph"", ""barograph""], ""other"": [""United Kingdom""]}"
75,13,12,1,1,1,1,3,1,1,1,1,2,5,3,1,3,"{""object_names"": [], ""makers"": [], ""materials"": [""iron cylinder""], ""dates"": [], ""places"": [], ""descriptions"": [""The water is carried in a vertical cylindrical chamber and heated by means of a spirit lamp from below."", ""The thermometer is carried in a tube passing through the middle of the water chamber, the upper portion being enclosed in a telescopic tube, so that the thermometer stem is surrounded by steam."", ""The thermometer is graduated to read from 180\u00b0 F. to 215\u00b0 F."", ""The whole instrument is enclosed in the iron cylinder for protection.""], ""other"": [""1911-164""]}","{""object_names"": [], ""makers"": [], ""materials"": [""wooden cases""], ""dates"": [""1895-1898""], ""places"": [""Holborn, London, England"", ""United Kingdom""], ""descriptions"": [""Hypsometer with two thermometers"", ""boiling chamber"", ""hypsometer 1895-1898""], ""other"": [""part records"", ""Meteorology hypsometer""]}"
76,9,9,1,1,1,1,1,0,1,1,0,4,4,1,1,1,"{""object_names"": [], ""makers"": [], ""materials"": [""brass""], ""dates"": [], ""places"": [], ""descriptions"": [""designed for the determination of altitude, by observing the boiling point of water"", ""consists of a cylindrical brass chamber which carries the bulb of a horizontal mercury thermometer"", ""partially filled with water, which is boiled by means of a spirit lamp beneath the chamber, and the temperature at which this occurs is accurately read on the scale"", ""Owing to the diminution of pressure with altitude, the boiling point has a lower value as the height above sea level increases, and a knowledge of the boiling point enables the observer to calculate the altitude readily""], ""other"": [""Lent by the Meteorological Office"", ""Inv. 1917-31""]}","{""object_names"": [], ""makers"": [], ""materials"": [], ""dates"": [], ""places"": [""London"", ""Greater London"", ""England"", ""United Kingdom""], ""descriptions"": [""Meteorology hypsometer""], ""other"": [""hypsometer 1858""]}"
77,17,7,1,1,1,1,3,0,2,1,0,2,7,1,3,1,"{""object_names"": [], ""makers"": [], ""materials"": [""oil"", ""dark fluid"", ""sulphuric acid""], ""dates"": [""1818"", ""1922""], ""places"": [], ""descriptions"": [""identical in principle with Hooke's marine barometer"", ""produced towards the end of the seventeenth century"", ""consists of a capillary tube of siphon form, provided with a bulb at each end"", ""near the bottom of the longer limb is a fine constriction, to lessen the oscillations of the liquid in stormy weather"", ""The bulb at the upper end is sealed and contains hydrogen"", ""that at the lower end is open to the atmosphere, and partially filled with oil or other dark fluid, in this case sulphuric acid, which also rises in the longer arm"", ""A mercury thermometer is also provided, graduated from 0\u00b0 F. to 120\u00b0 F."", ""A reversed temperature scale is fitted on the right of the instrument over which slides a shifting barometer scale bearing weather indications and carrying a pointer."", ""In using the instrument, this shifting scale is adjusted until the pointer is opposite the same scale reading as is registered by the thermometer, the height at which the coloured liquid then stands is read off on the sliding scale, and indicates the height of the barometer."", ""In this way readings may be obtained to 0.05 in., and set on the revolving scale at the bottom of the instrument.""], ""other"": [""Lent by L. Casella, Esq."", ""Pat. Specn. 1818, No. 4323"", ""(6184) Inv. 1893-157""]}","{""object_names"": [], ""makers"": [""L. Casella, London, England""], ""materials"": [], ""dates"": [""1871-1880""], ""places"": [""London, England"", ""United Kingdom""], ""descriptions"": [""'Casella improved'""], ""other"": [""Meteorology""]}"
78,8,10,1,1,1,1,0,0,1,1,0,3,4,2,1,2,"{""object_names"": [], ""makers"": [], ""materials"": [], ""dates"": [""1922""], ""places"": [], ""descriptions"": [""The sympiesometer is particularly useful for observations at sea, as it is not liable to damage by the motion of the ship during stormy weather."", ""This instrument is almost identical in form with the one shown adjacent."", ""Air has access to the lower tube, and by the aid of its pressure on the surface of the liquid, both the weight of the column of liquid and the pressure of the gas in the longer branch are balanced."", ""With a change of barometric pressure equilibrium is disturbed, and a variation in the heights of the liquid in the two branches takes place."", ""Correction for temperature having been made, the barometric height can be found from the height of the column in the longer branch."", ""This temperature correction is made mechanically by a sliding scale to represent inches, which is moved along the temperature scale until its index is in line with the number which corresponds with the thermometer, when the graduation on the sliding scale in line with the top of the liquid column will indicate the height of the barometer, and can be read to 0\u00b702 in.""], ""other"": [""Lent by The Meteorological Office"", ""Inv. 1908-81""]}","{""object_names"": [], ""makers"": [], ""materials"": [], ""dates"": [""1845-1875""], ""places"": [""London"", ""104 Minories, London"", ""England"", ""United Kingdom""], ""descriptions"": [""Meteorology sympiesometer""], ""other"": [""Taylor, Janet""]}"
79,16,10,1,2,1,1,3,0,1,1,1,3,8,2,1,1,"{""object_names"": [""SYMPIESOMETER""], ""makers"": [""F. L. Lucas, Esq.""], ""materials"": [""capillary tube"", ""syphon form"", ""coloured liquid""], ""dates"": [""1922""], ""places"": [""Edinburgh""], ""descriptions"": [""now used chiefly in conjunction with the mercurial and aneroid barometers, for purposes of comparison"", ""indications result partly from the pressure and partly from the temperature of the atmosphere"", ""more correctly named a thermo-barometer"", ""provided with a bulb at each end"", ""near the bottom of the longer limb is a fine constriction"", ""upper end of the tube is sealed while the lower end is open"", ""bulb at this end is partially filled with coloured liquid which also rises in the longer arm"", ""A mercury thermometer is also provided, graduated in half degrees from 30\u00b0 F. to 110\u00b0 F. In using the instrument, the temperature of the thermometer is first noted, after which the metal pointer of the pressure scale is adjusted to the same reading as is indicated on the thermometer. The height at which the coloured liquid then stands shows, on the sliding scale, the atmospheric pressure to the nearest fiftieth of an inch on the barometer scale.""], ""other"": [""Inv. 1918-14""]}","{""object_names"": [""Adie patent sympiesometer""], ""makers"": [], ""materials"": [], ""dates"": [""1835-1857""], ""places"": [""Scotland"", ""United Kingdom"", ""Edinburgh, Scotland, United Kingdom""], ""descriptions"": [""Meteorology"", ""sympiesometer""], ""other"": [""Serial No. 1393""]}"
80,13,14,1,1,1,2,2,1,1,1,0,4,7,3,1,2,"{""object_names"": [""PIESMIC BAROMETER""], ""makers"": [""Dartor""], ""materials"": [""U-tube"", ""capillary tube"", ""cast iron"", ""mercury"", ""paraffined paper""], ""dates"": [""1905""], ""places"": [], ""descriptions"": [""designed by Mr. A. S. Davis, M.A., with the view of portability and cheapness, combined with accuracy"", ""depends for its action on the variation that the volume of air contained in the tube undergoes due to changes in atmospheric pressure"", ""longer arm of which is a capillary tube terminating in a small cast iron cistern containing mercury"", ""air in this cistern, though not in actual communication with the external air, is kept at atmospheric pressure by being in communication with a long purse-shaped case of thin paraffin\u00e9d paper, which will yield to any slight pressure variation"", ""When the tube is horizontal, the mercury lies on one side of the cistern, leaving the open end of the tube exposed to the air, but when the tube is brought into a vertical position the mercury flows over and closes the mouth of the tube, flowing down the tube to a greater or lesser depth dependent upon the atmospheric pressure at the time"", ""The capacity of the whole tube is designed so as to be 35 times that of a single inch of the capillary tubing, so that if the barometer is standing at 30 in. the mercury will descend 5 in., and if at 29 in. it will descend 6 in."", ""A scale of inches being placed behind the tube, the reading of the end of the mercury column against this scale indicates the height of the barometer. To read the barometer, the tube is brought into the vertical position, and moved to and fro until the mercury has settled, when the reading should be taken at once to avoid temperature errors.""], ""other"": [""Inv. 1905-74""]}","{""object_names"": [""Davis type piesmic mercury barometer""], ""makers"": [""Darton & Co."", ""Darton and Company""], ""materials"": [""mercury""], ""dates"": [""1905""], ""places"": [""London"", ""England"", ""Greater London"", ""United Kingdom""], ""descriptions"": [""Davis type"", ""piesmic barometer"", ""Meteorology piesmic barometer""], ""other"": [""F""]}"
81,13,5,1,2,1,0,2,0,2,0,1,0,5,2,1,1,"{""object_names"": [""DANIELL'S HYGROMETER""], ""makers"": [""J. Newman, London""], ""materials"": [""glass tube"", ""fine muslin"", ""ether""], ""dates"": [""1819"", ""1911-109""], ""places"": [""London""], ""descriptions"": [""type designed by Daniell in 1819"", ""consists of two bulbs connected by a glass tube bent twice at right angles"", ""One of these bulbs is blackened and the other is covered with fine muslin"", ""In the limb terminating in the blackened bulb is fixed a sensitive thermometer, and a similar thermometer is attached to the pillar supporting the instrument"", ""To use this instrument, it should be turned so that all the ether flows into the blackened bulb. A little ether is then dropped on the muslin until a ring of dew is deposited on the black bulb. Both thermometers should then be read instantly, and again at the moment of disappearance of the dew. The mean of the readings of each thermometer gives respectively the temperature of the air and the dew-point.""], ""other"": [""Presented by The Admiralty.""]}","{""object_names"": [""Farman Biplane, Military type"", ""Aeronautics model""], ""makers"": [], ""materials"": [], ""dates"": [], ""places"": [], ""descriptions"": [""(scale 1:10)"", ""representation""], ""other"": []}"
82,15,16,2,2,1,2,2,0,1,2,0,4,8,3,1,3,"{""object_names"": [""Daniell's Hygrometer"", ""hygrometer""], ""makers"": [""W. Ladd""], ""materials"": [""glass siphon"", ""muslin""], ""dates"": [""1819""], ""places"": [], ""descriptions"": [""instrument for determining the \u201cdew-point\u201d or the temperature at which the aqueous vapour contained in the air begins to be condensed"", ""consists of a glass siphon connecting two bulbs"", ""One of the bulbs is blackened and contains ether, into which dips a small thermometer for the determination of the temperature of the liquid"", ""The instrument is mounted on a stand bearing another thermometer to indicate the external air temperature"", ""The empty bulb is covered with muslin which is tied round it, and upon which a little ether is poured"", ""Cold produced by rapid evaporation of the ether condenses the ether vapour inside the empty bulb as fast as it is formed in the blackened bulb, and by this action the temperature in the blackened bulb is lowered"", ""As soon as the dew-point is reached, aqueous vapour from the air condenses as dew on the black bulb, and at that instant the readings of the two thermometers must be observed""], ""other"": [""Inv. 1872-47""]}","{""object_names"": [""John Frederic Daniell-type condensation hygrometer"", ""Daniell-type condensation hygrometer (1819 pattern)""], ""makers"": [""William Ladd"", ""Daniell, John Frederic""], ""materials"": [], ""dates"": [""1872""], ""places"": [""11 & 12 Beak Street, Regent Street, London"", ""London"", ""England"", ""United Kingdom""], ""descriptions"": [""hygrometer"", ""type condensation hygrometer"", ""1819 pattern""], ""other"": [""Meteorology"", ""hygrometer""]}"
83,7,7,1,1,1,1,1,0,1,1,0,0,2,2,1,2,"{""object_names"": [], ""makers"": [""Messrs. J. J. Griffin & Sons""], ""materials"": [""gilding""], ""dates"": [], ""places"": [], ""descriptions"": [""This instrument is a form of Daniell\u2019s hygrometer as modified by Greiner in 1822."", ""The essential feature of this modification is a thick band of gilding which covers the bulb on which the dew is deposited, thereby enabling the dew-point to be determined very readily.""], ""other"": [""Inv. 1880-85""]}","{""object_names"": [], ""makers"": [""Greiner""], ""materials"": [], ""dates"": [], ""places"": [], ""descriptions"": [""greiner, 1822"", ""Meteorology hygrometer; hygrometer""], ""other"": [""1822"", ""graduated -20 degree F. to +120 degree F.""]}"
84,19,8,1,1,2,1,3,0,2,1,1,4,7,1,3,0,"{""object_names"": [], ""makers"": [""Royal Society""], ""materials"": [""mercurial thermometer"", ""brass wire"", ""silk""], ""dates"": [""1826 (for Koerner)"", ""1893""], ""places"": [], ""descriptions"": [""bulb at an acute angle"", ""type designed and made by Jones in 1826"", ""bulb has a black enlarged and convex top"", ""deposition of moisture is observed"", ""other portion of the bulb is covered with silk"", ""ether is poured to lower the temperature of the mercury"", ""thermometer which is about 4\u00b75 in. long"", ""supported by a brass wire attached to the case"", ""can be set at any desired angle"", ""See Phil. Trans., 1826, p. 53.""], ""other"": [""Inv. 1893-135"", ""S.M. 1450"", ""L.S.""]}","{""object_names"": [""Portable hygrometer""], ""makers"": [], ""materials"": [], ""dates"": [], ""places"": [""London"", ""Greater London"", ""England"", ""United Kingdom""], ""descriptions"": [""Meteorology hygrometer""], ""other"": []}"
85,14,7,1,1,1,1,2,0,1,1,0,1,8,2,1,1,"{""object_names"": [], ""makers"": [], ""materials"": [""silver cylinders"", ""thin and highly-polished silver cylinders""], ""dates"": [], ""places"": [], ""descriptions"": [""This hygrometer is of the type designed and introduced by Regnault in 1845."", ""It consists of two very delicate thermometers, the bulbs of which pass through collars and almost reach the bottom of two thin and highly-polished silver cylinders."", ""From near the bottom of these cylinders, two tubes, which subsequently unite, pass into an aspirator."", ""One of the silver cylinders is supplied with sufficient ether to completely immerse the bulb of the thermometer."", ""The aspirator being filled with water and the tap at its base turned, air is drawn past the thermometer bulbs and through the two cylinders; in passing through the one containing ether, rapid evaporation is produced, the temperature falls, and when the cylinder is dimmed by the deposition of dew, the thermometer carried by this cylinder indicates the dew-point temperature, and the other one the temperature of the atmosphere."", ""It is claimed that this instrument has a greater degree of accuracy than Daniell's, for the whole of the ether being maintained at one temperature by the agitation produced by the air, the indications of the dew-point thermometer are more reliable."", ""The error in the readings arising from the proximity of the observer may be avoided by the use of a telescope."", ""(See Ann. de Chimie, Vol. XV, p. 129.)""], ""other"": [""Inv. 1893-34.""]}","{""object_names"": [], ""makers"": [""St Martin's Lane, London""], ""materials"": [], ""dates"": [], ""places"": [""City of Westminster, London, Greater London, England, United Kingdom""], ""descriptions"": [""Regnault hygrometer with aspirator"", ""Meteorology hygrometer; hygrometer""], ""other"": [""Regnault, Henri Victor""]}"
86,16,10,1,1,1,2,2,1,2,1,1,0,8,2,1,3,"{""object_names"": [], ""makers"": [], ""materials"": [""mercury"", ""ether""], ""dates"": [""about 1876""], ""places"": [""Bonn""], ""descriptions"": [""modification of Daniell's hygrometer"", ""dew-point and the temperature of the surrounding air are obtained from two separate thermometers mounted on one stand"", ""dew-point thermometer has a double cylindrical bulb in the interstitial space of which, is the mercury which forms the bulb of the thermometer"", ""The cylinders are welded into one about half-way up, and thus the thermometer bulb is closed; then the cylinder is contracted to a tube which terminates in a hollow spherical bulb"", ""Before closing this bulb a little ether is poured through it and the tube of the inner cylinder, while the terminal bulb after sealing is covered with muslin"", ""Ether when dropped on the muslin evaporates and cools the bulb, the ether in the thermometer bulb cylinder evaporates and also cools, thereby reducing the temperature of the double cylindrical bulb until dew is deposited on its surface, when the temperature can be read off at once"", ""Both thermometers are graduated to read to 0\u00b72\u00b0 C.""], ""other"": [""Inv. 1876-762.""]}","{""object_names"": [], ""makers"": [""Geissler, Heinrich""], ""materials"": [""brass stand""], ""dates"": [""1876""], ""places"": [], ""descriptions"": [""The stem of the wet bulb is bent and has a large bulb covered with muslin."", ""One thermometer is broken.""], ""other"": [""Meteorology hygrometer"", ""hygrometer 1876"", ""Daniell, John Frederic""]}"
87,7,8,1,2,1,1,0,2,1,0,1,0,2,2,1,1,"{""object_names"": [], ""makers"": [], ""materials"": [], ""dates"": [""1922""], ""places"": [""Emden""], ""descriptions"": [""for determining without calculation the relative and absolute moisture of the air, as well as the dew-point""], ""other"": [""Inv. 1876-755""]}","{""object_names"": [""Psychrometer scale, of paper on wooden frame"", ""Meteorology psychrometer""], ""makers"": [""M A F""], ""materials"": [""paper on wooden frame""], ""dates"": [], ""places"": [], ""descriptions"": [""Psychrometer scale""], ""other"": []}"
88,14,11,1,1,1,1,3,0,2,1,0,4,6,2,1,2,"{""object_names"": [], ""makers"": [], ""materials"": [""glass"", ""black glass plate"", ""thermometer""], ""dates"": [""1871""], ""places"": [], ""descriptions"": [""original type of dew-point hygrometer"", ""condensation instrument"", ""dew-point is determined by noting the temperature at which dew is deposited on a horizontal sheet of glass"", ""Ice and water, or cold water only, are put into the small upright cistern, whence the water flows under a thermometer to a small chamber in which rests the bulb of the thermometer"", ""As the water flows out of the pipe at the further extremity of the hygrometer the temperature of the black glass plate is lowered to the dew-point and a film of moisture is deposited upon the plate"", ""The temperature at which this deposition of dew takes place can be noted from the thermometer, and the dew-point temperature thus ascertained. The temperature of the surrounding air is then read, when the hygrometric state of the atmosphere can be calculated by the usual methods.""], ""other"": [""Symons, Meteorological Magazine, Vol. VI, 1871, p. 146."", ""Inv. 1893-160""]}","{""object_names"": [""Dines dew-point hygrometer, horizontal form""], ""makers"": [""L. Casella, London, England""], ""materials"": [], ""dates"": [], ""places"": [""London"", ""Greater London"", ""England"", ""United Kingdom""], ""descriptions"": [""horizontal form"", ""Meteorology hygrometer, dew point; hygrometer, dew point""], ""other"": [""1871"", ""L. Casella""]}"
89,11,10,1,1,1,2,2,0,2,1,0,3,3,2,2,1,"{""object_names"": [], ""makers"": [], ""materials"": [""ether"", ""black glass plate""], ""dates"": [""1879""], ""places"": [], ""descriptions"": [""modification of the adjacent form"", ""essential feature of this hygrometer is that the glass is mounted in a vertical position"", ""ether may be employed instead of water, a receptacle for its storage being supplied"", ""Ether is poured in at the spout, to which is connected a breathing tube"", ""cooling is produced by forcing air through the ether"", ""moisture is deposited on the black glass plate as in the horizontal instrument""], ""other"": [""Inv. 1893-164"", ""See Q. J. Met. Soc., Vol. VI, p. 39.""]}","{""object_names"": [], ""makers"": [""L. Casella"", ""Dines, George""], ""materials"": [], ""dates"": [], ""places"": [""London"", ""England"", ""United Kingdom""], ""descriptions"": [""vertical form"", ""Metrology hygrometer; hygrometer""], ""other"": [""by L. Casella, London, England, 1879""]}"
90,13,13,1,1,1,2,3,2,2,1,0,2,5,2,1,3,"{""object_names"": [""OAT-BEARD HYGROMETER""], ""makers"": [""F. C. Bayard, Esq.""], ""materials"": [""beard of the wild oat"", ""brass case"", ""graduated dial""], ""dates"": [""1922""], ""places"": [], ""descriptions"": [""resembles in principle Hooke's first oat-beard hygrometer of 1664"", ""twining and untwining of the beard of the wild oat is employed to turn an index round a graduated dial"", ""One end of a short length of the beard is attached to a plate at the bottom of the hygrometer case, and the other is secured to the index"", ""As the humidity of the atmosphere increases, the beard untwines, and the index is turned round the dial in a clockwise direction, while with increasing dryness the movement is reversed"", ""brass case is perforated to allow the air to act freely on the beard, and is furnished at the back with a knob by which the index can be set""], ""other"": [""Hooke\u2014\u201cMicrographia,\u201d 1667"", ""Inv. 1893-116""]}","{""object_names"": [""Oat-beard type Hygrometer""], ""makers"": [""Unknown maker"", ""Robert Hooke""], ""materials"": [""fishskin case""], ""dates"": [""1771-1830""], ""places"": [""England"", ""United Kingdom""], ""descriptions"": [""Designed based on Robert Hooke's description of 1664"", ""Meteorology hygrometer; hygrometer""], ""other"": [""unsigned"", ""English"", ""hygrometer 1771-1830 England, United Kingdom""]}"
91,17,5,1,1,2,1,4,0,1,1,0,0,6,1,3,1,"{""object_names"": [], ""makers"": [""H. L. P. Lowe, Esq."", ""Dr. Benjamin Franklin""], ""materials"": [""Wood"", ""paper label"", ""thin board"", ""lever"", ""counterpoise""], ""dates"": [], ""places"": [], ""descriptions"": [""This hygrometer, which dates from the eighteenth century, carries a paper label attached to the screen, which describes the instrument as \u201cInvented by and belonging to Dr. Benjamin Franklin, the patriot and philosopher.\u201d"", ""Wood hygrometers, however, had been in use for many years, and three instruments of this class are described in Phil. Trans. 1676."", ""In this form of instrument the change in dimensions of a thin board under the influence of damp or dry weather is made to indicate on a scale variations in the humidity of the atmosphere."", ""In the instrument here exhibited, a thin board, about 14 in. long and 1 3/8 in. wide, is arranged on its edge, with the fibres running transversely to the length."", ""Near one end of the board a lever is fixed in such a way that the longitudinal expansion of the wood actuates the shorter end of the lever, and causes the long arm to give a magnified indication on a paper scale of the expansion of the board."", ""When dryness causes the board to shrink, a counterpoise brings the index back to its original position."", ""This type of hygrometer was considered by some to be a more reliable instrument than the oat-beard hygrometer which preceded it.""], ""other"": [""Inv. 1902-84"", ""S.M. 1449"", ""L.S.""]}","{""object_names"": [], ""makers"": [], ""materials"": [], ""dates"": [], ""places"": [], ""descriptions"": [""Meteorology hygrometer; hygrometer""], ""other"": [""1701-1800""]}"
92,11,8,1,1,2,1,1,1,1,1,0,0,5,2,1,2,"{""object_names"": [], ""makers"": [""G. J. Symons, Esq., F.R.S.""], ""materials"": [""whalebone""], ""dates"": [], ""places"": [], ""descriptions"": [""This type of hygrometer was originally designed by De Luc in 1781, and depends for its action on the variation in length of a strip of whalebone caused by changes in atmospheric humidity. A narrow strip of whalebone, cut transversely to the fibre, is connected at one end to the frame of the instrument, and at the other with the larger of two pulleys, co-axial with each other and with the index of the graduated circle. Attached to the smaller pulley is a spring which serves to keep the whalebone taut, and on the lengthening of the strip by increased moisture, the spring carries the index round. Contraction of the whalebone strip due to dryness, causes the index to be moved in the contrary direction. De Luc claimed that the action of this instrument was more uniform than that of the Saussure hair hygrometer."", ""See Phil. Trans., Vol. LXXXI., p. 389.""], ""other"": [""Inv. 1893-125""]}","{""object_names"": [], ""makers"": [], ""materials"": [], ""dates"": [], ""places"": [], ""descriptions"": [""Meteorology hygrometer; hygrometer""], ""other"": [""1781 De Luc"", ""Hausmann, U. F.""]}"
93,11,7,1,2,1,1,2,0,1,1,0,0,4,1,2,2,"{""object_names"": [""SAUSSURE\u2019S SINGLE-HAIR HYGROMETER""], ""makers"": [""Messrs. J. J. Griffin & Sons""], ""materials"": [""human hair"", ""small weight""], ""dates"": [], ""places"": [], ""descriptions"": [""in which the hygrometric state of the atmosphere was indicated by the length of a suitably prepared human hair"", ""one end of a human hair thoroughly freed from grease is secured to the top of the frame, the other end being passed round a pulley and kept taut by a small weight"", ""Shortening of the hair due to dryness revolves the pulley and causes the index to rise, while with increased humidity the index descends, a silvered scale being provided to indicate the reading"", ""See Saussure\u2019s \u201cEssais sur l\u2019Hygrom\u00e9trie,\u201d 1783.""], ""other"": [""Inv. 1880-86"", ""S.M. 1439, L.S""]}","{""object_names"": [""Saussure hygrometer"", ""Single-hair Saussure hygrometer""], ""makers"": [], ""materials"": [], ""dates"": [], ""places"": [], ""descriptions"": [""Meteorology hygrometer""], ""other"": [""Horace B\u00e9n\u00e9dict de""]}"
94,12,10,1,1,2,2,0,0,2,1,1,4,5,1,1,1,"{""object_names"": [""SAUSSURE'S EIGHT-HAIR HYGROMETER""], ""makers"": [""The Meteorological Office"", ""Mr. Francis Ronalds""], ""materials"": [], ""dates"": [""1843""], ""places"": [""Kew""], ""descriptions"": [""Modification proposed"", ""Richeus in 1789, first proposed a modification of Saussure's hygrometer, using eight hairs instead of one, and this instrument, which is of that type, was formerly the property of Mr. Francis Ronalds, and was used by him at Kew in 1843."", ""In this instrument, all the eight hairs are attached to one bar, and it would seem that the indication must always be that of the shortest individual hair, the others remaining slack."", ""From the lower bar to which the hairs are attached, a cord passes round one of two pulleys coaxial with each other and with the index, while a small weight supported by a cord passing over the other pulley serves to move the index when the hairs expand due to increased humidity."", ""(See Rozier\u2014Observations sur la Physique, Vol. 34, p. 58.)""], ""other"": [""Inv. 1876-794""]}","{""object_names"": [""Eight-hair Saussure hygrometer""], ""makers"": [""Richer""], ""materials"": [], ""dates"": [], ""places"": [""Paris"", ""Ville de Paris"", ""\u00cele-de-France"", ""France""], ""descriptions"": [""Meteorology hygrometer; hygrometer""], ""other"": [""Saussure, Horace B\u00e9n\u00e9dict de; Richer""]}"
95,12,7,1,1,2,1,1,0,1,1,0,0,4,2,3,2,"{""object_names"": [""NICOLLE'S \""AQUEOUS METER.\""""], ""makers"": [""B. C. Wainwright, Esq."", ""Conier"", ""Arderon""], ""materials"": [""wood""], ""dates"": [""1670"", ""1746""], ""places"": [], ""descriptions"": [""This wood hygrometer is a modification of Conier's first wood thermometer of 1670, and Arderon's of 1746."", ""In this instrument a thin slab of wood is cut across the grain and fitted in a frame furnished with a graduated arc and an index."", ""The axis of the index is attached to the wood so that the expansion or contraction of the slab by increase or diminution of humidity of the air causes a motion of the index along the scale."", ""The graduations range from 0\u00b0 to 100\u00b0, the limit at one end being \""Desiccation\"" and at the other \""Immersion.\""""], ""other"": [""Lent by B. C. Wainwright, Esq."", ""Inv. 1893-114, S.M. 1447, L.S.""]}","{""object_names"": [""Aqueousmeter""], ""makers"": [""Nicolle""], ""materials"": [], ""dates"": [""c. 1880""], ""places"": [], ""descriptions"": [""Meteorology hygrometer; hygrometer""], ""other"": [""1880""]}"
96,9,7,1,1,1,1,1,1,1,0,1,2,3,2,1,0,"{""object_names"": [], ""makers"": [], ""materials"": [], ""dates"": [""1922"", ""1911-205""], ""places"": [""Paris""], ""descriptions"": [""In this instrument, the hygrometric state of the atmosphere is directly recorded on the dial of the instrument. The effect on a strip of whalebone, of the moisture present in the air, is transferred into rotary motion of a pivoted quadrant, which actuates a small gear wheel. This in turn directly operates the pointer, which moves to the left or right in accordance with the dryness or dampness of the atmosphere."", ""Made by Devrine, Paris."", ""Presented by T. H. Court, Esq.""], ""other"": [""Inv. 1911-205""]}","{""object_names"": [""Meteorology hygrometer""], ""makers"": [], ""materials"": [], ""dates"": [], ""places"": [""Ville de Paris"", ""\u00cele-de-France"", ""France""], ""descriptions"": [""hygrometer"", ""Devrine (maker)""], ""other"": []}"
97,13,13,1,1,1,2,2,0,1,1,0,4,6,3,2,2,"{""object_names"": [], ""makers"": [], ""materials"": [""twisted filament of the Indian grass *Andropogon contortum*"", ""pin""], ""dates"": [], ""places"": [], ""descriptions"": [""The active agent is a twisted filament of the Indian grass *Andropogon contortum*, which twines and untwines with increased dryness or dampness of the atmosphere."", ""The grass is fastened to the cleft end of the axis of the index of the larger dial and is continued in a line to the back of the case, where it is secured to a pin which can be adjusted to give the necessary tautness."", ""The larger dial is graduated in 100 parts, and the smaller dial serves to indicate the number of revolutions of the index of the larger."", ""The case is perforated to allow of free access of air and to provide efficient ventilation."", ""(See Asiatic Researches, Vol. IX., pp. 24 & 395.)""], ""other"": [""Lent by The Royal Society"", ""1893-140""]}","{""object_names"": [], ""makers"": [""Henry Kater""], ""materials"": [], ""dates"": [], ""places"": [""London"", ""Greater London"", ""England"", ""United Kingdom""], ""descriptions"": [""Meteorology hygrometer"", ""hygrometer""], ""other"": [""20237101""]}"
98,13,14,1,2,1,2,1,1,1,1,1,4,7,2,1,2,"{""object_names"": [""BIFILAR HYGROMETER""], ""makers"": [""Prof. Ernst Friedrich Klinkerfues of G\u00f6ttingen""], ""materials"": [""hair""], ""dates"": [], ""places"": [""G\u00f6ttingen""], ""descriptions"": [""Actuated by the stiffness of the hair and not by its variation in length."", ""A wisp of hairs is passed through holes at each end of a small cross-bar of the spindle which carries the index, and the ends of the wisp are made fast to a plate near the top of the instrument."", ""A second and shorter wisp is also passed, but in a contrary direction to the first, through the same holes, crossed, and the ends secured to a bar near the bottom."", ""In this way a twist is given to the hairs acting on the spindle, and the index made to take up a position dependent upon the balance of the torsions of the upper and lower wisps."", ""With a change in the humidity the balance is disturbed, and the change made apparent by the movement of the index towards one or other of the extremes of the scale."", ""A thermometer and reduction disc are supplied by which air temperature can be obtained and the dew-point calculated."", ""\""Theorie des Bifilar-Hygrometers mit gleichtheiliger Prozent-Scala.\""""], ""other"": [""Inv. 1876-756""]}","{""object_names"": [""Klinkerfues hygrometer"", ""hygrometer""], ""makers"": [""Wilh. Lambrecht"", ""Wilh. Lambrecht GmbH""], ""materials"": [""brass"", ""wooden stand""], ""dates"": [""1870""], ""places"": [""Germany"", ""Braunschweig"", ""Lower Saxony, Germany""], ""descriptions"": [""(cylindrical, brass open-work case, on wooden stand, small thermometer)"", ""Meteorology hygrometer""], ""other"": [""Dr. Ernest Friedrich Wilhelm Klinkerfues"", ""Klinkerfues, Ernst Friedrich Wilhelm""]}"
99,11,11,1,1,2,3,1,0,1,1,0,4,4,1,2,1,"{""object_names"": [""KLINKERFUES HAIR HYGROMETER""], ""makers"": [""The Meteorological Office""], ""materials"": [""wisp of about five or six hairs, 4 cm. long"", ""string"", ""pulley"", ""spring""], ""dates"": [""1882""], ""places"": [], ""descriptions"": [""similar in principle to the hair hygrograph shown adjacent"", ""fixed at each end"", ""Midway between the ends is attached a string which passes over a pulley on the index axis and is kept in tension by a spring"", ""Variations in the length of the hair due to changes of the atmospheric conditions are thus transmitted to the index finger which indicates the relative humidity""], ""other"": [""Inv. 1922-8"", ""Pat. Specn. No. 6161 of 1882""]}","{""object_names"": [""Hair hygrometer""], ""makers"": [""Klinkerfues"", ""Wilhelm Lambrecht""], ""materials"": [], ""dates"": [""1882""], ""places"": [""G\u00f6ttingen"", ""Braunschweig"", ""Lower Saxony"", ""Germany""], ""descriptions"": [""Meteorology hygrometer""], ""other"": [""1882""]}"
100,10,8,1,2,1,1,2,0,1,1,1,1,3,1,1,2,"{""object_names"": [], ""makers"": [], ""materials"": [""horse-hair"", ""twisted threads""], ""dates"": [], ""places"": [], ""descriptions"": [""This hair hygrometer which is of the type used in Norway"", ""arranged to resemble a bifilar system"", ""The indicating arm is mounted upon a pair of twisted threads under tension, so that the arm always tends to move towards the saturated end of the scale. Its exact position is determined by the length of the horse-hair, and consequently that position is a measure of the relative humidity.""], ""other"": [""Inv. 1922-9""]}","{""object_names"": [""hygrometer""], ""makers"": [], ""materials"": [], ""dates"": [], ""places"": [], ""descriptions"": [""Meteorology hygrometer""], ""other"": [""1922 Norway Russelveldt (designer)""]}"
101,11,7,1,1,0,1,2,0,1,1,0,0,6,2,1,2,"{""object_names"": [""HYGROGRAPH""], ""makers"": [], ""materials"": [""hairs"", ""levers""], ""dates"": [], ""places"": [], ""descriptions"": [""This instrument is designed to furnish a continuous record of the humidity of the atmosphere."", ""It consists essentially of a wisp of hairs securely clamped at both ends and passing over a hook mid-way between the ends."", ""Contraction of the hairs due to decrease of atmospheric humidity causes the hook to be moved outwards to the right, while a spring controls the hook in the reverse direction as the humidity increases."", ""The motion of the hook is communicated by a series of levers to the pen, which traces the record on a chart carried by the revolving drum."", ""The chart is graduated from 0 to 100 indicating respectively absolute dryness and complete saturation.""], ""other"": [""Inv. 1921-77"", ""Lent by The Meteorological Office""]}","{""object_names"": [], ""makers"": [""Wilson and Warden""], ""materials"": [], ""dates"": [""c. 1921""], ""places"": [], ""descriptions"": [""Meteorology hygrograph"", ""hygrograph 1921 Wilson and Warden (maker)""], ""other"": [""Hygrograph by Wilson and Warden"", ""Hygrograph by Wilson and Warden""]}"
102,13,12,1,1,1,2,2,0,3,2,0,4,5,2,1,1,"{""object_names"": [], ""makers"": [], ""materials"": [""muslin"", ""cotton wick""], ""dates"": [""1802"", ""1817"", ""1836""], ""places"": [], ""descriptions"": [""wet and dry bulb hygrometer of a type originally designed by Boeckmann in 1802, and later employed by Gordon, 1817, and Mason, 1836, in which two thermometers are mounted side by side a few inches apart."", ""The bulb of one thermometer is freely exposed to the air, and indicates the air temperature, while the bulb of the other is enclosed in muslin kept constantly moist by water conducted by a cotton wick immersed in water contained in a brass vessel. The latter thermometer indicates the temperature of evaporation. From the data furnished by each of these instruments and Glaisher\u2019s Tables of the elastic forces of vapour at different temperatures, the humidity of the air can be deduced.""], ""other"": [""Inv. 1860-34""]}","{""object_names"": [""Psychrometer on stand""], ""makers"": [""Boeckman""], ""materials"": [], ""dates"": [""about 1859"", ""1859""], ""places"": [""London"", ""Greater London"", ""England"", ""United Kingdom""], ""descriptions"": [""wet and dry bulb psychrometer"", ""Meteorology""], ""other"": []}"
103,21,14,2,2,1,2,5,1,2,1,0,4,10,2,1,2,"{""object_names"": [""Appold\u2019s Automatic Hygrometer""], ""makers"": [], ""materials"": [""glass tube"", ""brass rod"", ""mercury"", ""ether"", ""helical spring""], ""dates"": [""About the middle of the nineteenth century""], ""places"": [], ""descriptions"": [""instrument was designed by John George Appold, F.R.S., about the middle of the nineteenth century for the registration and regulation of the atmospheric moisture in the rooms of his house"", ""By the use of this instrument the flow of a small stream of water over a warm stove is regulated, and by this means a uniform humidity is ensured throughout the building"", ""The hygrometer essentially consists of two bulbs at the extremities of a glass tube, which is connected to a brass rod, the whole turning on a knife edge after the manner of a balance"", ""Mercury fills the tube, and, in part, the bulbs, while in the latter also is a small quantity of ether"", ""One of the bulbs and half of the tube are covered with a paper which is kept constantly moist by water supplied through a pipe above"", ""The knife edge is placed immediately above the covered bulb, beyond which is an arm carrying an adjustable counterpoise, with which the tube is balanced and adjusted"", ""a helical spring serving to regulate the range"", ""In a dry atmosphere, evaporation occurs from the moist paper, producing a decrease of the temperature and causing a contraction of the ether in the covered bulb, which is accompanied by a transference of mercury from the uncovered to the covered bulb, under the influence of the pressure of the ether vapour in the former"", ""The uncovered bulb, being lighter, now rises, and in so doing actuates a lever, opening a valve which allows water to pass through a tube to some heated pipes covered with bibulous paper"", ""By evaporation from these pipes, the amount of moisture in the air is increased until the desired humidity is attained, when the action ceases"", ""A pencil attached to one of the levers can be made to record on a chart the motion of the mercury tube, and this record can be checked by readings of the Mason's hygrometer.""], ""other"": [""Inv. 1893-141""]}","{""object_names"": [""Kater hydrometer"", ""condensing hygrometer""], ""makers"": [""Dennis""], ""materials"": [""paper""], ""dates"": [""1850""], ""places"": [""London"", ""Greater London"", ""England"", ""United Kingdom""], ""descriptions"": [""Meteorology hygrometer"", ""hygrometer""], ""other"": [""1850""]}"
104,11,6,2,2,1,1,1,0,1,1,1,1,4,1,1,0,"{""object_names"": [""WET AND DRY BULB HYGROMETER"", ""hygrometer""], ""makers"": [""T. H. Court, Esq.""], ""materials"": [""ivory mounting"", ""glass container"", ""muslin""], ""dates"": [""about 1860""], ""places"": [], ""descriptions"": [""convenient and portable form"", ""two thermometers are fixed side by side"", ""supported on a box in which it may be enclosed after use"", ""bulb of the wet bulb thermometer is covered with muslin, which conducts water from the glass container fixed vertically between the tubes""], ""other"": [""Inv. 1917-103""]}","{""object_names"": [""Psychrometer""], ""makers"": [""John Braham""], ""materials"": [], ""dates"": [""1828-1838""], ""places"": [""Bristol, England, United Kingdom""], ""descriptions"": [""Meteorology wet and dry bulb psychrometer"", ""wet and dry bulb psychrometer""], ""other"": []}"
105,12,9,1,2,1,1,0,0,1,1,1,4,7,1,1,0,"{""object_names"": [""MILL HYGROPHANT""], ""makers"": [""Messrs. J. Casartelli & Son, Manchester""], ""materials"": [], ""dates"": [], ""places"": [""Manchester""], ""descriptions"": [""This instrument is designed specially to enable the hygrometric state of the atmosphere to be ascertained directly by inspection and is particularly suitable for use in weaving and spinning mills."", ""It consists of a dry and a wet bulb thermometer, between which is placed a case containing a scale to represent dry bulb readings, and a revolving cylinder graduated with percentages of moisture for each degree of difference of the two thermometers from 1\u00b0 to 21\u00b0."", ""This difference being ascertained, the corresponding column of percentages as indicated by the number at the top, is turned to the front, when, in line with the number representing the dry bulb reading, will be found the percentage of moisture in the atmosphere at the time of observation."", ""Saturation is represented by 100.""], ""other"": [""Inv. 1897-16""]}","{""object_names"": [""hygrophant""], ""makers"": [], ""materials"": [], ""dates"": [], ""places"": [""Manchester urban district"", ""Greater Manchester"", ""England"", ""United Kingdom""], ""descriptions"": [""Meteorology hygrophant""], ""other"": []}"
106,8,11,1,2,1,2,0,1,1,1,1,3,3,2,1,0,"{""object_names"": [""PSYCHROMETER""], ""makers"": [""Geissler, Bonn""], ""materials"": [], ""dates"": [], ""places"": [""Bonn""], ""descriptions"": [""improved type of wet and dry bulb hygrometer"", ""Designed by Dr. H. Geissler, of Bonn."", ""The thermometers of this instrument are graduated in tenths from - 28\u00b0 to 46\u00b0 C.""], ""other"": [""Inv. 1876-761.""]}","{""object_names"": [""Dry and Wet bulb thermometers"", ""Meteorology wet and dry bulb psychrometer""], ""makers"": [""Geissler"", ""Geissler, Heinrich""], ""materials"": [""Brass stand""], ""dates"": [], ""places"": [""K\u00f6ln"", ""North Rhine-Westphalia"", ""Germany""], ""descriptions"": [""On Brass stand""], ""other"": []}"
107,8,8,1,2,1,1,0,1,1,1,1,0,3,2,1,1,"{""object_names"": [""PSYCHROMETER""], ""makers"": [], ""materials"": [], ""dates"": [""1922""], ""places"": [""Berlin""], ""descriptions"": [""wet and dry bulb hygrometer"", ""known on the continent as August's hygrometer"", ""similar to but larger than the adjacent instruments""], ""other"": [""Inv. 1876-745""]}","{""object_names"": [""August psychrometer"", ""psychrometer""], ""makers"": [""August, E. F., Dr.""], ""materials"": [""brass support"", ""glass cup for the wet-bulb instrument""], ""dates"": [], ""places"": [], ""descriptions"": [""two thermometers"", ""Meteorology psychrometer""], ""other"": [""1876""]}"
108,8,15,1,2,1,2,1,1,0,1,0,4,4,2,1,3,"{""object_names"": [""PSYCHROMETER""], ""makers"": [], ""materials"": [""mercurial""], ""dates"": [], ""places"": [], ""descriptions"": [""combination includes a Six's thermometer with a wet bulb thermometer attached to the same stand, thereby combining four instruments, namely, maximum, minimum, and true temperature thermometers, and hygrometer""], ""other"": [""Lent by S. G. Denton, Esq.""]}","{""object_names"": [""Six's thermometer""], ""makers"": [""James Six"", ""Denton""], ""materials"": [], ""dates"": [""1876""], ""places"": [""London"", ""Greater London"", ""England"", ""United Kingdom""], ""descriptions"": [""with mercurial wet bulb attached to the stand"", ""Meteorology thermometer; thermometer""], ""other"": [""Inv. 1876-848"", ""1876"", ""S G""]}"
109,12,13,1,2,1,2,1,0,1,1,1,2,6,3,1,3,"{""object_names"": [""REDUCTION DISC FOR PSYCHROMETERS""], ""makers"": [], ""materials"": [""cardboard""], ""dates"": [], ""places"": [], ""descriptions"": [""Designed by Prof. Ernst F. Klinkerfues, of G\u00f6ttingen, about 1870, for finding the dew-point temperature mechanically from the readings of the dry and wet bulb thermometers."", ""It consists of a circular scale giving the dew-point temperature, above which is mounted a cardboard disc graduated for dry bulb indications."", ""If the numbers on the scale and disc which correspond to the wet bulb reading be brought into coincidence, the dew-point temperature will be shown on the scale in line with that number on the disc which represents the dry bulb reading."", ""The coloured part of the scale is for use when the air temperature is below freezing point.""], ""other"": [""Inv. 1876-758""]}","{""object_names"": [""ready reckoner calculator for psychrometers"", ""Klinkerfues calculator (ready reckoner) for reducing psychrometer measurements""], ""makers"": [""Wilh. Lambrecht"", ""Wilh. Lambrecht GmbH""], ""materials"": [], ""dates"": [], ""places"": [""G\u00f6ttingen, Germany""], ""descriptions"": [""designed and patented by Prof. E. F. Klinkerfues"", ""Meteorology ready reckoner"", ""ready reckoner""], ""other"": [""Klinkerfues, Ernst Friedrich Wilhelm""]}"
110,15,8,1,2,1,1,0,0,2,1,2,0,7,2,2,2,"{""object_names"": [], ""makers"": [], ""materials"": [], ""dates"": [""1922""], ""places"": [""The Meteorological Office"", ""Royal Society""], ""descriptions"": [""Designed by Sir Francis Galton, F.R.S. Lent by The Meteorological Office."", ""This instrument was designed in 1870 by Sir Francis Galton, F.R.S., for deducing a curve of vapour tension from the corresponding curves of the dry bulb and wet bulb temperatures, and was employed at the Meteorological Office for deducing curves of vapour tension from reduced copies of thermograms for publication in the Quarterly Weather Report."", ""The instrument consists essentially of three portions :\u2014 First.\u2014A carriage for holding the two traces from which the third is to be deduced. This carriage is moved from side to side of the instrument by means of a rack and pinion controlled by the operator\u2019s right hand, the line of movement being governed by bevelled wheels running in grooves. To the front of the carriage there is fixed a frame, the upper part of which carries a plate intended to receive the deduced curve. The movement of this plate is therefore similar to that of the two curves to be operated upon."", ""Second.\u2014The second part of the instrument consists of another carriage, having a movement along a track at right angles to that of the first, and carrying a templet with a specially curved surface, corresponding to the required function of the two variables, which in this particular case is the value of the vapour tension for a given temperature of the dry bulb and depression of the wet bulb."", ""Motion is given to this carriage by a milled head and screw controlled by the operator\u2019s left hand, but an independent movement can be given to the templet from side to side of the carriage by means of another screw at the end of an arm which carries a pair of microscopes arranged to follow the wet and dry bulb traces respectively."", ""Third.\u2014The third section of the instrument is placed immediately above the templet, and consists of a partially counterpoised frame which can move up and down in a set of vertical grooves. The frame terminates in a style which rests lightly upon the templet, whilst at the top it carries a horizontal tube in which slides a pricker, held back in the tube by a spring."", ""When the microscopes have been set so that their cross wires intersect respectively the dry and wet bulb traces, the pricker is struck by a hammer moved by the operator\u2019s foot, and a dot is made on the plate. The distance of this dot below a zero, previously ruled upon the plate, corresponds to the height upon the templet at which the style rests at the moment when the blow is delivered and to the tabular values of the vapour tension for the temperature of the dry bulb and depression of the wet bulb indicated by the two traces. The succession of dots made at half-hour intervals was connected by a graver, so as to form a continuous curve, which was transferred to a copper plate by means of a pantagraph.""], ""other"": [""Inv. 1906-100."", ""(See Report of the Meteorological Committee of the Royal Society, 1870 and 1871.)""]}","{""object_names"": [""vapour tension computer"", ""Meteorology vapour tension computer""], ""makers"": [], ""materials"": [], ""dates"": [], ""places"": [], ""descriptions"": [""for calculating vapour tension""], ""other"": []}"
111,14,8,1,1,1,2,2,0,2,1,1,0,6,2,1,2,"{""object_names"": [""ASSMANN\u2019S PSYCHROMETER""], ""makers"": [""Prof. Assmann""], ""materials"": [""mercurial thermometers"", ""highly polished cylindrical tubes""], ""dates"": [""1887"", ""1921""], ""places"": [""Berlin""], ""descriptions"": [""ventilated and portable psychrometer"", ""designed in 1887 by Prof. Assmann, of Berlin, in order to obtain trustworthy wet bulb readings during balloon ascents when a relative calm is produced by the balloon travelling with the wind"", ""consists of two mercurial thermometers, of which the bulbs are kept respectively dry and wet, together with an arrangement for drawing air over the bulbs at a certain speed by means of a fan driven by clockwork"", ""The bulbs of the thermometers are protected from external radiation by two highly polished cylindrical tubes, thereby enabling the instrument to be placed in strong sunshine, or employed on aircraft at great heights, without fear of solar radiation affecting the readings"", ""The dry bulb thermometer gives the true temperature of the air, and the wet bulb the temperature due to the effect of evaporation, the depression of the wet bulb increasing, as the relative humidity decreases"", ""Lent by The Meteorological Office""], ""other"": [""Inv. 1921-80""]}","{""object_names"": [""Assmann psychrometer""], ""makers"": [""C. F. Casella"", ""C.F. Casella and Co. Ltd""], ""materials"": [], ""dates"": [""1919""], ""places"": [], ""descriptions"": [""designed by C. F. Casella"", ""Meteorology psychrometer; psychrometer""], ""other"": [""1919""]}"
112,9,10,1,1,1,1,1,0,1,1,0,4,4,1,1,2,"{""object_names"": [], ""makers"": [], ""materials"": [""electrically ventilated"", ""distilled water"", ""muslin""], ""dates"": [], ""places"": [], ""descriptions"": [""designed to ensure that the temperatures indicated by the instrument are accurately those of the wet and dry bulb thermometers"", ""As in the Assmann instrument, air is drawn past the dry and wet bulb thermometers through the agency of a small fan driven electrically by means of a small motor enclosed in the lower portion of the apparatus"", ""An inverted glass tube containing distilled water enables the muslin to be kept uniformly wet however the current of air may be varied""], ""other"": [""Inv. 1922-6""]}","{""object_names"": [""electro-psychrometer""], ""makers"": [""American Moistening Co.""], ""materials"": [], ""dates"": [""1910""], ""places"": [""Boston"", ""Suffolk county"", ""Massachusetts"", ""United States""], ""descriptions"": [""Meteorology psychrometer; psychrometer""], ""other"": [""Comins""]}"
113,13,5,1,1,1,1,0,0,2,1,0,1,7,1,2,0,"{""object_names"": [], ""makers"": [], ""materials"": [], ""dates"": [""1922""], ""places"": [], ""descriptions"": [""designed by Messrs. A. J. Lloyd & Co. in 1902 to give a direct indication of the relative humidity, dew-point, and the absolute humidity"", ""consists of wet and dry bulb thermometers provided with a specially-designed chart, over which an indicating arm can be moved"", ""In using the instrument, this arm is moved to the scale on the left near the wet bulb, and the sliding pointer is set to the temperature indicated by the wet bulb thermometer"", ""The arm is then moved to the right until the pointer is on the curved red line corresponding with the reading of the dry bulb thermometer"", ""The relative humidity is then indicated on the graduated arc at the bottom of the chart"", ""while the dew-point is given on the printed dry bulb scale by the intersection of the thick curved black lines"", ""The absolute humidity is indicated by the numbers at the upper end of these lines, which give the amount of water in grains per cubic foot of air""], ""other"": [""LLOYD\u2019S HYGRODEIK"", ""Inv. 1922-3""]}","{""object_names"": [""Lloyd hygrodeik""], ""makers"": [""Andrew J. Lloyd and Company""], ""materials"": [], ""dates"": [""1903""], ""places"": [""Boston, Lincolnshire, England, United Kingdom""], ""descriptions"": [""Meteorology wet and dry bulb psychrometer""], ""other"": []}"
114,8,8,1,1,1,1,0,0,1,1,0,1,4,2,1,2,"{""object_names"": [], ""makers"": [], ""materials"": [], ""dates"": [], ""places"": [], ""descriptions"": [""designed for use on an aeroplane, where it is mounted in an exposed position and is read from a distance"", ""consists of wet and dry bulb thermometers mounted on a frame, which can be attached to an interplane strut of the machine several feet away from the observer, where they are unaffected by the heat of the engine"", ""Lenses are provided to facilitate the reading of the thermometers"", ""can be adjusted by the observer by means of the cord""], ""other"": [""Lent by The Meteorological Office""]}","{""object_names"": [""Aeroplane psychrometer Mark II""], ""makers"": [""Negretti and Zambra""], ""materials"": [], ""dates"": [""1918-1922""], ""places"": [""London"", ""Greater London"", ""England"", ""United Kingdom""], ""descriptions"": [""Meteorology psychrometer"", ""psychrometer""], ""other"": [""by Negretti and Zambra, London""]}"
115,8,5,1,1,1,0,0,0,1,1,1,0,4,3,1,0,"{""object_names"": [""MODEL OF WHIRLED PSYCHROMETER""], ""makers"": [""The Meteorological Office""], ""materials"": [], ""dates"": [], ""places"": [""Washington""], ""descriptions"": [""apparatus is designed for whirling thermometers through the air, thereby enabling the wet and dry bulb temperatures to be obtained with accuracy and rapidity."", ""provided with two arms, which are rotated rapidly by operating the small wheel and handle."", ""To these arms are attached two thermometers, the bulb of one being covered with wet muslin."", ""thermometers are then whirled and the readings taken.""], ""other"": [""Inv. 1922-4.""]}","{""object_names"": [""Whirler for psychrometer""], ""makers"": [], ""materials"": [], ""dates"": [], ""places"": [], ""descriptions"": [""Meteorology psychrometer"", ""psychrometer 1918""], ""other"": []}"
116,11,8,1,1,1,2,2,0,1,1,0,0,5,2,1,2,"{""object_names"": [], ""makers"": [], ""materials"": [""bi-metallic strips"", ""muslin"", ""wicks"", ""cylindrical metallic reservoir""], ""dates"": [], ""places"": [], ""descriptions"": [""designed to give a continuous indication of the wet and dry bulb temperatures, thereby enabling the humidity to be determined at any time during the absence of the observer"", ""It consists of two similar bi-metallic strips, each pivoted at one end and bent into a wave-like form, while to the other end is connected a series of levers by means of which the motion is communicated to an arm carrying a pen, which records on the rotating drum"", ""One of these bi-metallic strips is covered with muslin and by means of a series of wicks is supplied with moisture from a cylindrical metallic reservoir containing water"", ""Adjusting screws are provided near the pivoted end, which enable the position of the pens to be adjusted"", ""The range of the instrument is from 100\u00b0 F. to 200\u00b0 F.""], ""other"": [""Inv. 1922-47""]}","{""object_names"": [""Simplex wet and dry bulb hygrograph""], ""makers"": [""Pastorelli and Rapkin Ltd."", ""Edney""], ""materials"": [], ""dates"": [], ""places"": [], ""descriptions"": [""Meteorology hygrograph (wet and dry bulb)"", ""hygrograph (wet and dry bulb)""], ""other"": [""c. 1922""]}"
117,15,8,1,1,1,1,1,1,4,1,2,1,5,2,2,1,"{""object_names"": [], ""makers"": [""The Meteorological Office""], ""materials"": [""fluid lens"", ""glass""], ""dates"": [""1922"", ""1853"", ""1872"", ""1875""], ""places"": [""Whitehall"", ""Kew"", ""Greenwich Observatory""], ""descriptions"": [""FIRST SPHERICAL LENS MADE FOR SUNSHINE-RECORDING."", ""label upon the lens states"", ""substituted for the original fluid lens"", ""in use at the Office of the Board of Health"", ""continuous sunshine records were first begun"", ""first glass lens employed to record sunshine"", ""transferred from Whitehall to Kew"", ""used there"", ""The second lens employed was made by Chance"", ""was used at Greenwich Observatory""], ""other"": [""Inv. 1908-88"", ""Board of Health""]}","{""object_names"": [], ""makers"": [""Unknown maker""], ""materials"": [], ""dates"": [], ""places"": [""Manchester, Greater Manchester, England, United Kingdom""], ""descriptions"": [""first made for use in a John Francis Campbell type sunshine recorder"", ""unsigned"", ""Meteorology instrument component; burning-glass sunshine recorder; instrument component; burning-glass sunshine recorder""], ""other"": [""John Francis Campbell""]}"
118,17,7,1,2,1,1,3,0,3,1,1,1,5,1,3,1,"{""object_names"": [""CAMPBELL'S SUNSHINE-RECORDER BOWLS""], ""makers"": [], ""materials"": [""mahogany of uniform grain"", ""spherical water or glass lens"", ""wood""], ""dates"": [""1891, 1892"", ""21st December, 1891, to 21st June, 1892"", ""June, 1892, to December, 1892""], ""places"": [""Kew Observatory""], ""descriptions"": [""These bowls were used at the Kew Observatory from the 21st December, 1891, to 21st June, 1892, and from June, 1892, to December, 1892. They furnish a record of the sunshine for that period."", ""The hemispherical bowls are made of mahogany of uniform grain, and in the middle is placed a spherical water or glass lens, whose centre coincides with the centre of the cavity in which it rests and which is of such a radius that the focus falls on its inner surface."", ""The sun's rays are focussed by the lens and as the direc- tion of the sun changes, a record of its course is burnt into the wood, the position of the record rising or falling in the bowl according to the sun's declination."", ""A measurement of the depth of the burnt record during different periods gives the relative heating powers during these periods."", ""The bowls exhibited indicate the difference in the sun's heat for the two halves of the year falling between the solstices.""], ""other"": [""Inv. 1894-120"", ""S.M. 1444"", ""L.S.""]}","{""object_names"": [""Sunshine recorder bowls"", ""Campbell sunshine recorder bowls""], ""makers"": [""Campbell, John Francis""], ""materials"": [], ""dates"": [""1891""], ""places"": [""Islay, Argyll and Bute, Scotland, United Kingdom""], ""descriptions"": [""Set of two Campbell sunshine recorder bowls for 1891& 1892.""], ""other"": [""Meteorology instrument component; instrument component""]}"
119,26,14,3,3,3,4,4,1,4,1,0,1,9,2,3,2,"{""object_names"": [""CAMPBELL STOKES SUNSHINE-RECORDER"", ""recorder"", ""burning recorders""], ""makers"": [""Curtis""], ""materials"": [""wooden bowls"", ""metal"", ""slate base"", ""strips of card""], ""dates"": [""1853"", ""1876"", ""1879"", ""1901""], ""places"": [], ""descriptions"": [""developed by Stokes from Campbell's recorder of 1853"", ""wooden bowl was replaced by one of metal containing a strip of cardboard"", ""Stokes added the zodiacal frame"", ""devised an improved card holder"", ""other improvements were introduced by Curtis in 1901"", ""spherical lens is mounted in a metal bowl"", ""grooved on its inner surface to hold the strips of card used as records"", ""For observations, the bowl is placed in the meridian and its axis inclined in accordance with the latitude."", ""The lens being carefully focussed, the charring of the card by the sun's heat indicates the duration and intensity of the sunshine."", ""Other forms of burning recorders, such as those with stone and metal bowls coated with some substance that melts under strong heat, have been employed from time to time, but these have now been entirely superseded by the Campbell- Stokes instrument.""], ""other"": [""Inv. 1909-132"", ""S.M. 1443"", ""L.S.""]}","{""object_names"": [""Campbell-Stokes type burning-glass sunshine recorder"", ""Campbell-Stokes sunshine recorder"", ""burning-glass sunshine recorder"", ""Meteorology burning-glass sunshine recorder""], ""makers"": [""Short and Mason, 40 Hatton Garden, London"", ""Sir George Gabriel Stokes"", ""John Francis Campbell""], ""materials"": [""burning-glass""], ""dates"": [""1899""], ""places"": [""London""], ""descriptions"": [""by Short and Mason"", ""type""], ""other"": [""1899""]}"
120,19,16,2,2,2,2,3,1,2,1,1,4,8,4,3,2,"{""object_names"": [""JORDAN'S SUNSHINE RECORDER""], ""makers"": [""Mr. J. B. Jordan""], ""materials"": [""dark cylindrical brass chamber"", ""bronzed stand"", ""cyanotype process""], ""dates"": [""1886-76""], ""places"": [], ""descriptions"": [""for photographically recording the duration of sunshine"", ""on the inner circumference of which is placed a sheet of sensitized paper"", ""A ray of sunlight being admitted into this chamber through a small rectangular aperture in the side, is received on the paper, and travels around it by virtue of the earth's rotation, leaving a distinct record of chemical action, thereby registering its duration and the degree of its intensity"", ""with means of adjustment for the different seasons, and for use in any latitude"", ""The records are divided into hours and sixths"", ""while they are rendered permanent by simply washing for a few minutes in cold water and afterwards drying"", ""(See Q. J. R. Met. Soc., Vol. XII., 1866.)""], ""other"": [""S.M. 1432"", ""L.S.""]}","{""object_names"": [""Jordan photographic sunshine recorder, No.33""], ""makers"": [], ""materials"": [""photographic records""], ""dates"": [], ""places"": [""London"", ""Greater London"", ""England"", ""United Kingdom""], ""descriptions"": [""Jordan's patent"", ""Meteorology photographic sunshine recorder"", ""photographic sunshine recorder"", ""James B. Jordan""], ""other"": [""No.33"", ""33""]}"
121,15,14,1,2,1,2,2,0,2,1,0,4,6,3,3,2,"{""object_names"": [""JORDAN'S TWIN-CYLINDER SUNSHINE RECORDER""], ""makers"": [""J. B. Jordan, Esq.""], ""materials"": [""brass"", ""dark chambers""], ""dates"": [""1922"", ""1888""], ""places"": [], ""descriptions"": [""improvement on the single cylinder type"", ""consists of two semi-cylindrical dark chambers"", ""chambers are placed with their diametral planes outwards and at an angle of 63\u00b0"", ""hinged to a stand having a latitude arc"", ""aperture for admitting the beam of sunlight is placed in the centre of the rectangular side of each box"", ""the length of the beam within the chamber is the radius of the cylindrical surface on which it is projected"", ""Its path therefore at all seasons follows a straight line on the record"", ""apertures for the admission of the sun's rays are so placed as to receive the early and late sunshine"", ""there is only one aperture in each chamber"", ""the amount of diffused light admitted is much less than in the single cylinder instrument"", ""the morning and afternoon charts are placed in separate cylinders offers improved facilities for changing the charts""], ""other"": [""Inv. 1893-144"", ""S.M. 1431"", ""L.S.""]}","{""object_names"": [""Jordan photographic sunshine recorder"", ""photographic sunshine recorder""], ""makers"": [""Negretti & Zambra"", ""Jordan, James B.""], ""materials"": [], ""dates"": [""1888""], ""places"": [""London"", ""Greater London"", ""England"", ""United Kingdom""], ""descriptions"": [""with 2 recording cards"", ""with 2 records"", ""Meteorology""], ""other"": []}"
122,16,13,1,2,2,2,2,0,2,1,0,1,6,3,3,4,"{""object_names"": [""MCLEOD'S SUNSHINE RECORDER""], ""makers"": [""Prof. H. McLeod, F.R.S.""], ""materials"": [""glass sphere silvered inside"", ""double-convex lens""], ""dates"": [""about 1886""], ""places"": [], ""descriptions"": [""original sunshine recorder"", ""modified and produced commercially"", ""axis of the instrument being adjusted parallel to the polar axis of the earth"", ""light from the sun is reflected from the globe and some of it passing through the double-convex lens forms an image on a piece of prepared paper within the camera"", ""image describes the arc of a circle on the paper and when the sun is obscured this arc is necessarily discontinuous"", ""image is not on a point, but a line, and in certain relative positions of the sphere, lens, and paper, the line is radial and very thin, so that the obscuration of the sun for only one minute is indicated by a weakening of the image"", ""record is divided into hourly intervals, when the position of the meridian has been determined, by drawing radial lines at angles of 15\u00b0"", ""Examples of the traces, divided for the hours, are exhibited with the apparatus.""], ""other"": [""Lent by Prof. H. McLeod, F.R.S."", ""Jour. Phys. Soc., Vol. VI., p. 216."", ""Inv. 1885-112"", ""S.M. 1453"", ""L.S.""]}","{""object_names"": [""McLeod type photographic sunshine recorder"", ""record sheets""], ""makers"": [""Unknown maker""], ""materials"": [], ""dates"": [""1884""], ""places"": [""United Kingdom""], ""descriptions"": [""unsigned"", ""Meteorology photographic sunshine recorder; record - document; instrument component; photographic sunshine recorder; record - document; instrument component""], ""other"": [""McLeod type photographic sunshine recorder and 6 record sheets"", ""Britain"", ""Herbert""]}"
123,15,12,2,1,1,2,2,0,2,1,1,3,6,2,1,3,"{""object_names"": [""MAURER'S SUNSHINE RECORDER""], ""makers"": [""Th. Usteri-Reinacher, Zurich""], ""materials"": [""brass"", ""iron""], ""dates"": [""1893""], ""places"": [""Zurich""], ""descriptions"": [""photographic sunshine recorder"", ""cylindrical dark chamber"", ""oblique top to the axis"", ""small rectangular hole"", ""removable bottom"", ""small latitude arc"", ""supported on an iron stand"", ""axis adjusted for latitude"", ""North South line in the meridian"", ""sun's rays passing through the hole"", ""record of their course on the sensitized paper"", ""approximately a straight line"", ""at right angles to the hour lines engraved on the paper"", ""duration of sunshine for any particular period can be readily ascertained"", ""record should be washed in water"", ""fix it""], ""other"": [""Inv. 1893-145""]}","{""object_names"": [""Maurer type photographic sunshine recorder""], ""makers"": [""Usteri-Reinacher, Th."", ""J. Maurer""], ""materials"": [], ""dates"": [""1886-1893""], ""places"": [""Zurich canton"", ""Switzerland"", ""Z\u00fcrich canton""], ""descriptions"": [""Metereology"", ""category labels""], ""other"": [""photographic sunshine recorder""]}"
124,15,12,1,1,2,2,2,0,1,1,0,3,8,3,1,2,"{""object_names"": [""HERSCHEL'S ACTINOMETER""], ""makers"": [""Sir J. Hooker, F.R.S."", ""Sir J. Herschel""], ""materials"": [""glass cylinder"", ""solution of ammoniacal sulphate of copper""], ""dates"": [""1825""], ""places"": [], ""descriptions"": [""This actinometer which is of the type devised by Sir J. Herschel in 1825, was used by Sir J. Hooker in his investigations when travelling in the Himalayas."", ""It consists of a glass cylinder filled with a solution of ammoniacal sulphate of copper, to one end of which is connected a tube with an arbitrary scale of equal parts, while to the other end a screw is fitted which may be used to adjust the liquid in the tube, the whole forming a delicate thermometer."", ""The temperature of the liquid is ascertained by a thermometer having its bulb in the liquid, and its stem passing through the screw."", ""By noting on the arbitrary scale the height of the liquid immediately before and after the instrument has been exposed to the sun\u2019s rays for a definite time, and also making similar observations when it is set in the shade, a measure of the heating effect of the sun\u2019s rays can be ascertained."", ""This can be corrected for the unequal expansion of the liquid with the aid of readings given by the alcohol thermometer."", ""Herschel suggested that not less than three sun observations, and two intermediate shade observations should be taken, the calculations to be made from the means of the readings in each position."", ""The unit of solar radiation adopted in the ultimate reduction of the observation was the \u201cActine.\u201d"", ""By this is understood, \u201cthat intensity of solar radiation which, at a vertical incidence, and supposing it wholly absorbed, would suffice to melt one millionth part of a metre in thickness from the surface of a sheet of ice horizontally exposed to its action per minute of mean solar time.\u201d""], ""other"": [""Inv. 1890-54""]}","{""object_names"": [""Herschel type actinometer""], ""makers"": [""Henry Barrow & Co.""], ""materials"": [], ""dates"": [""1849-1851""], ""places"": [""London"", ""England"", ""United Kingdom""], ""descriptions"": [""with spanner"", ""Meteorology actinometer"", ""actinometer""], ""other"": [""1849-1851"", ""Herschel, Sir John Frederick William""]}"
125,11,8,2,1,1,1,0,0,2,1,0,1,5,2,1,2,"{""object_names"": [""HERSCHEL'S ACTINOMETER""], ""makers"": [], ""materials"": [], ""dates"": [""1825"", ""1840\u20133""], ""places"": [], ""descriptions"": [""Devised by Sir J. Herschel in 1825"", ""Used during Antarctic Expedition of 1840\u20133"", ""This instrument, which is of the form devised by Sir J. Herschel in 1825"", ""was used during the Antarctic Expedition of 1840\u20133 under the command of Sir James Ross, R.N."", ""In construction and design it is similar to the instrument shown adjacent.""], ""other"": [""Lent by The Meteorological Office""]}","{""object_names"": [], ""makers"": [], ""materials"": [], ""dates"": [""1840""], ""places"": [""London, Greater London, England, United Kingdom""], ""descriptions"": [""Meteorology actinometer"", ""actinometer 1840""], ""other"": [""Robinson, Thomas Charles""]}"
126,12,6,1,1,1,1,1,0,2,1,1,0,5,3,1,0,"{""object_names"": [""SOLAR RADIATION THERMOMETERS""], ""makers"": [""J. Hicks"", ""The Admiralty""], ""materials"": [""vacuum tube"", ""black bulb""], ""dates"": [""1922"", ""1849"", ""1901""], ""places"": [""Antarctic""], ""descriptions"": [""Suggested by Sir John Herschel in 1849"", ""Used on British (\u201cDiscovery\u201d) Antarctic Expedition of 1901"", ""enclosing the black bulb of an ordinary radiation thermometer in a vacuum tube, so as to prevent loss of heat due to radiation from the black bulb"", ""The two examples shown are made in this manner"", ""The indications are 20\u00b0 F. to 30\u00b0 F. higher than those of a similar instrument with exposed bulb"", ""The larger example is graduated in degrees from 3\u00b0 F. to 203\u00b0 F. and the smaller from 10\u00b0 F. to 207\u00b0 F.""], ""other"": [""Inv. 1911-116-7""]}","{""object_names"": [""Lucas motor car engine"", ""Lucas two stroke 25 h.p. petrol engine""], ""makers"": [""Valveless Car Co. Ltd.""], ""materials"": [], ""dates"": [""1909""], ""places"": [], ""descriptions"": [""from 'valveless' motor car"", ""Road Transport"", ""private car components"", ""petrol engines""], ""other"": []}"
127,14,10,1,2,1,1,3,0,2,1,0,4,6,1,1,1,"{""object_names"": [], ""makers"": [], ""materials"": [""glass shield"", ""mercurial vacuum gauges"", ""specially constructed stands""], ""dates"": [""1922"", ""1849""], ""places"": [], ""descriptions"": [""constructed with the view of measuring the intensity of radiation derived directly from the sun"", ""bulb and part of the stem are blackened"", ""as nearly as possible exhausted of air"", ""results may be unaffected by passing air currents or by the presence of moisture in the surrounding atmosphere"", ""prevent their receiving heat from objects in their vicinity"", ""appliances for indicating the state of exhaustion of the air enclosed in the shield"", ""in the \u201cAdmiralty Manual\u201d of 1849, suggested this design of instrument"", ""many have been constructed since, which give favourable results as compared with other forms of apparatus for measuring the intensity of solar radiation""], ""other"": [""Inv. 1905-73""]}","{""object_names"": [""Solar radiation thermometer, 1849""], ""makers"": [], ""materials"": [], ""dates"": [], ""places"": [""London"", ""Greater London"", ""England"", ""United Kingdom""], ""descriptions"": [""Meteorology""], ""other"": []}"
128,16,8,3,2,1,1,2,0,1,1,0,0,6,1,3,3,"{""object_names"": [""POUILLET'S PYRHELIOMETER"", ""pryheliometer direct"", ""pyrheliometer \u00e0 lentille""], ""makers"": [], ""materials"": [""mercury"", ""blackened cylinder""], ""dates"": [""about 1854""], ""places"": [], ""descriptions"": [""Pouillet about 1854 proposed his pyrheliometer of which there were two forms"", ""The instrument exhibited is a modification of the former, introduced by the Rev. F. W. Stow."", ""It consists of a thermometer the bulb of which is immersed in the mercury contained in a small blackened cylinder of known capacity and base area."", ""When in use, the base of the cylinder is turned for a definite period of time alternately towards and from the sun, and the mean of the thermometer readings in each position is taken."", ""From these means can be determined the rise in temperature of the mercury contained in the cylinder due to the sun's radiation acting on a known area for a fixed time."", ""The base should be set so that the sun's rays fall perpendicularly on it and a paper disc is supplied to show by the position of the shadow of the cylinder, when this adjustment has been made."", ""The improvement due to the Rev. F. W. Stow is the addition of the outer cylindrical case to protect the thermometer tube from wind, and rays other than direct.""], ""other"": [""The Rev. F. W. Stow, M.A."", ""Inv. 1893-113"", ""S.M. 1438"", ""L.S.""]}","{""object_names"": [""Stow's improved form""], ""makers"": [], ""materials"": [], ""dates"": [""1874""], ""places"": [], ""descriptions"": [""Meteorology pyrheliometer""], ""other"": [""Stow, Fenwick W., Rev., M.A."", ""1874 Pouillet"", ""pyrheliometer 1874""]}"
129,10,11,1,2,1,2,1,0,1,1,0,3,5,2,1,1,"{""object_names"": [""SECCHI'S SOLAR INTENSITY APPARATUS""], ""makers"": [""Casella""], ""materials"": [""metal vessel"", ""hollow cylinder"", ""three tubes"", ""thermometers"", ""liquid""], ""dates"": [""1922""], ""places"": [], ""descriptions"": [""devised by Padre Secchi for measuring the comparative intensity of the heat of the sun's rays"", ""ten inches in length and of three inches diameter"", ""filled with a liquid at any desired temperature"", ""the bulbs of two of which are immersed in the liquid, the bulb of the third being passed through the vessel into the hollow centre of the cylinder"", ""For observation, the apparatus is placed on a stand, and adjusted so that the sun's rays fall on the exposed bulb. Experiments showed that the increase in the thermometer reading was independent of the temperature of the surrounding liquid.""], ""other"": [""Inv. 1893-146""]}","{""object_names"": [""heliopyrometer""], ""makers"": [""L. Casella"", ""L. Casella, London, England""], ""materials"": [], ""dates"": [""1866"", ""1871-1880""], ""places"": [""London, England"", ""London, Greater London, England, United Kingdom""], ""descriptions"": [""Secchi heliopyrometer by L. Casella,1866 Secchi heliopyrometer by L. Casella, London, England, 1871-1880"", ""Meteorology heliopyrometer; heliopyrometer""], ""other"": [""Secchi, Angelo""]}"
130,15,10,2,2,1,1,3,1,2,1,0,0,5,2,2,3,"{""object_names"": [""Stanley's Copper Pyrheliometer""], ""makers"": [], ""materials"": [""copper"", ""black polished slate slab""], ""dates"": [""1885 (designed)""], ""places"": [], ""descriptions"": [""designed to overcome the difficulties experienced in the use of solar radiation thermometers enclosed in a vacuum"", ""bulb is enclosed in a copper ball 1.4 in. diam."", ""surface has been oxidised by heating"", ""supported on a black polished slate slab, at a distance of about two inches from the surface"", ""slab being inclined at an angle of 45\u00b0"", ""Readings obtained with this instrument were found to be lower than those obtained with the ordinary solar radiation thermometer, but results obtained with similarly constructed instruments were uniform."", ""See Q. J. Met. Soc., 1885, Vol. XI., p. 124.""], ""other"": [""Lent by W. F. Stanley, Esq."", ""Inv. 1893-118""]}","{""object_names"": [], ""makers"": [], ""materials"": [""components""], ""dates"": [], ""places"": [], ""descriptions"": [""with stand"", ""base"", ""Meteorology pyrheliometer""], ""other"": [""Stanley, William Ford"", ""1885 (as maker's date)""]}"
131,31,9,1,1,1,2,6,0,3,2,1,0,16,2,3,2,"{""object_names"": [""\u00c5NGSTR\u00d6M'S COMPENSATED PYRHELIOMETER""], ""makers"": [""The Cambridge Scientific Instrument Co.""], ""materials"": [""manganin foil"", ""ebonite frame"", ""constantan copper"", ""tube"", ""diaphragms"", ""screen"", ""ebonite stopper""], ""dates"": [""1886 (invention year)"", ""1905 (international standard adoption)"", ""1899 (Astrophysical Journal publication)""], ""places"": [""Innsbruck""], ""descriptions"": [""instrument for the absolute determination of heat radiation"", ""method of measuring solar radiation"", ""suitable for experimental work in the laboratory"", ""adopted as the international standard instrument"", ""consists essentially of two similar strips of thin blackened manganin foil"", ""arranged side by side on a small circular ebonite frame"", ""connected to two constantan copper thermo-junctions"", ""no current will flow if the two strips are at the same temperature"", ""mounted in a tube provided with three diaphragms"", ""on the front end of which a double walled reversible screen is arranged"", ""which may be used to protect one or other of the strips from external radiations"", ""an ebonite stopper closes the other end of the tube and carries terminals for the thermo-element and the strip"", ""a commutator enables the current to be seen through either strip as required"", ""a thermometer is fitted to the tube, which may be sighted in any direction"", ""auxiliary apparatus necessarily consists of a sensitive galvanometer and adjustable resistance, a milliamperemeter and an accumulator"", ""the last three being connected in series with the strip"", ""formula for calculating absolute value of radiation"", ""adjustments are provided on the pyrheliometer, by means of which the instrument may be correctly sighted to the sun"", ""this being obtained when the ray of light passing through the pin-hole on the top of the instrument is focussed on the cross-wires"", ""one strip should now be exposed, and the current directed through the other strip and adjusted until no deflection is obtained"", ""the test should then be repeated with the other strip exposed, and the current passing through the one which was previously exposed"", ""owing to slight lack of symmetry between the strips, the readings may disagree slightly, and a mean should be taken for the final result""], ""other"": [""Inv. 1914-726"", ""S.M. 1434"", ""L.S.""]}","{""object_names"": [""Angstrom pyrheliometer""], ""makers"": [""Cambridge Scientific Instrument Co."", ""Angstrom, Knut""], ""materials"": [], ""dates"": [""1886 type"", ""1914""], ""places"": [], ""descriptions"": [""Meteorology pyrheliometer"", ""pyrheliometer""], ""other"": [""1914""]}"
132,11,8,1,1,1,2,0,0,1,1,0,1,7,2,1,1,"{""object_names"": [], ""makers"": [], ""materials"": [], ""dates"": [], ""places"": [], ""descriptions"": [""designed by Prof. H. L. Callendar to indicate the total quantity of heat received by the earth's surface"", ""essentially a differential platinum thermometer, consisting of two equal resistance coils, one of which is blackened and the other left bright"", ""set side by side in a horizontal plane, and protected by a suitable cover"", ""leads being well insulated are led to the bottom of the instrument, where they are connected to a 4-wire cable leading to a Callendar recorder"", ""difference of temperature between the two coils, which is indicated by the recorder, is proportional to the intensity of the vertical component of the radiation"", ""instrument is calibrated and a factor obtained, by means of which the total amount of heat actually received by the instrument can be calculated"", ""Prof. H. L. Callendar""], ""other"": [""Inv. 1914-725""]}","{""object_names"": [""1900 type""], ""makers"": [""Callendar, Hugh Longbourne""], ""materials"": [], ""dates"": [], ""places"": [""unknown place""], ""descriptions"": [""Meteorology electronic sunshine recorder; electronic sunshine recorder""], ""other"": []}"
133,11,14,1,3,1,3,1,0,1,3,0,1,6,2,1,2,"{""object_names"": [""LIND\u2019S ANEMOMETER""], ""makers"": [""F. Darton & Co.""], ""materials"": [""U tube containing water""], ""dates"": [""1775""], ""places"": [], ""descriptions"": [""instrument is of the type designed by Lind in 1775 for indicating the pressure of the wind"", ""mouth of the longer arm facing in an upwind direction"", ""tube is filled with water until its level reaches the zero mark on the scale"", ""tube is brought into position with the mouth of the longer branch facing the wind, the water will rise in the shorter branch to an extent which will vary with the wind\u2019s force"", ""From the difference of levels, with the aid of scales prepared for each instrument, the pressure and also the velocity of the wind can be ascertained"", ""wind vane serves to turn the mouth of the tube to the wind, and also indicates the direction"", ""Oscillations owing to rapid changes of pressure are lessened by narrowing the tube connecting the two branches""], ""other"": [""Phil. Trans., Vol. LXV, p. 353."", ""Inv. 1876-850""]}","{""object_names"": [""Four-cup anemometer"", ""Biram anemometer"", ""Robinson cup anemometer""], ""makers"": [""Lind, James"", ""Biram, Benjamin"", ""Robinson, T.R.""], ""materials"": [], ""dates"": [""1846"", ""1843""], ""places"": [""London""], ""descriptions"": [""Meteorology anemometer"", ""anemometer 1846""], ""other"": [""Three items"", ""1775""]}"
134,15,14,2,2,1,1,3,0,1,1,1,3,6,3,1,4,"{""object_names"": [""RONALDS BALANCE ANEMOMETER""], ""makers"": [""The Meteorological Office""], ""materials"": [""light board, 1 ft. sq."", ""brass axis"", ""glass tubes""], ""dates"": [], ""places"": [""Kew Observatory""], ""descriptions"": [""pressure plate anemometer"", ""designed and constructed by Mr. Francis Ronalds"", ""for the purpose of measuring the force of the wind"", ""fixed transversely to a cross of wood, suspended by a brass axis passing through its centre, and turning in glass tubes in such a way that the system can partially rotate in a vertical plane"", ""The lower end of the bar carrying the board is counterpoised, so as to keep the surface of the board vertical, and a scale pan, hung to one end of the horizontal bar of the cross, serves to receive the weights which are necessary to counterbalance the force of the wind pressing on the board opposed to it, at any time."", ""A small box, covering the scale pan, serves to shield it from the action of the wind. The instrument was, at the time of observation, placed so that the surface of the pressure-plate should stand at right angles with the direction of the wind, as indicated by a vane.""], ""other"": [""Inv. 1876-799""]}","{""object_names"": [], ""makers"": [""Ronalds, Sir Francis""], ""materials"": [], ""dates"": [], ""places"": [""Kew, London, England"", ""United Kingdom""], ""descriptions"": [""wind speed guage"", ""designed and made by Francis Ronalds"", ""Meteorology anemometer; anemometer""], ""other"": [""1843"", ""1843"", ""1843""]}"
135,12,11,1,1,2,2,0,0,2,1,0,4,5,2,2,1,"{""object_names"": [], ""makers"": [""The Meteorological Office""], ""materials"": [], ""dates"": [""1922"", ""1858""], ""places"": [], ""descriptions"": [""Designed by Sir W. Snow Harris, F.R.S.; Made by Messrs. J. Lilley & Son."", ""This apparatus, which indicates both the force and direction of the wind, was designed by Sir W. Snow Harris, F.R.S., in 1858."", ""It consists of a large bulb open to the atmosphere at the upper end, and terminating at the lower end in a long glass tube, the upper portion of which is L-shaped and supplied with a graduated scale."", ""Coloured liquid is inserted in the bulb until it reaches the zero graduation on the horizontal scale."", ""The instrument is levelled and then turned so that the wind vane and the glass tube are in the same vertical plane, when the elbow attached to the upper end of the bulb is facing in an up-wind direction."", ""The direction of the wind can then be read off by means of the compass in the base of the instrument, while the position of the liquid column on the graduated scale indicates the pressure and velocity of the wind."", ""A table is also provided in which the gauge reading pressure, and velocity are tabulated."", ""(See Symons Monthly Magazine, Vol. ii., p. 52.)""], ""other"": [""Inv. 1917-30.""]}","{""object_names"": [], ""makers"": [], ""materials"": [], ""dates"": [], ""places"": [""London"", ""Greater London"", ""England"", ""United Kingdom""], ""descriptions"": [""Lind anemometer"", ""Meteorology pressure-tube anemometer; pressure-tube anemometer""], ""other"": [""Lind anemometer as modified by Snow Harris""]}"
136,7,13,2,2,2,3,0,1,0,1,0,4,2,2,1,0,"{""object_names"": [""MODIFIED LIND\u2019S ANEMOMETER""], ""makers"": [], ""materials"": [], ""dates"": [], ""places"": [], ""descriptions"": [""This instrument, which is a modification of Lind's anemometer due to Sir W. Snow Harris, is similar in general principle to the one shown adjacent."", ""In this anemometer the mouth of the tube receiving the wind is provided with a movable cap, which enables the tube to be closed instantly, and a record of the wind pressure gust obtained.""], ""other"": [""Inv. 1894-115""]}","{""object_names"": [""Lind type hand anemometer"", ""pressure-tube anemometer""], ""makers"": [""John Lilley & Son"", ""Lind, James"", ""Harris, Sir William Snow""], ""materials"": [""wooden case""], ""dates"": [""1855-1859""], ""places"": [""London"", ""Greater London"", ""England"", ""United Kingdom""], ""descriptions"": [""Hand anemometer with wooden case, Lind type with Snow Harris modification"", ""Lid of case fitted with thread to mount anemometer with separate magnetic compass.""], ""other"": []}"
137,11,5,1,2,1,1,1,0,2,1,0,0,5,1,1,0,"{""object_names"": [""WILD\u2019S PRESSURE PLATE ANEMOMETER""], ""makers"": [""Wild""], ""materials"": [""metal plate""], ""dates"": [""1922"", ""1861 (mentioned twice)""], ""places"": [], ""descriptions"": [""Designed by Wild in 1861"", ""pressure plate instrument, which is of the pendulum type"", ""modification of the anemometer originally described by Hooke in 1667"", ""for many years the standard type of anemometer in Russia"", ""consists of a freely hanging metal plate suspended on a horizontal axis from above. The wind blowing against this plate causes it to swing out of the normal vertical position, the angle of displacement varying with the force of the wind, the velocity of which is indicated by a series of small rods carried on an arc and forming a scale. The direction of the wind is indicated by a vane mounted on the same vertical shaft, and situated below the pressure plate.""], ""other"": [""Inv. 1921-378"", ""Presented by The Meteorological Office""]}","{""object_names"": [""Wild pressure-plate anemometer"", ""Meteorology pressure-plate anemometer""], ""makers"": [], ""materials"": [], ""dates"": [], ""places"": [], ""descriptions"": [""pressure-plate anemometer""], ""other"": []}"
138,13,8,1,1,1,2,2,0,2,1,0,0,6,2,1,2,"{""object_names"": [], ""makers"": [], ""materials"": [""brass rod""], ""dates"": [""1893""], ""places"": [], ""descriptions"": [""registering the direction and force of the wind"", ""pressure-plate pendulum form"", ""plate has been replaced by a sphere"", ""sphere is connected by a brass rod, which acts as a lever having as fulcrum the gimbal support at the top of the case of the recording slate"", ""sphere is raised or lowered on the rod as light or heavy pressures have to be measured"", ""its position, along with that of the weight on the recording end of the rod, serve together with the trace in determining the force of the wind in pounds per square foot"", ""pressures from 0 to 20 lb. can be shown"", ""with the small weight at the top 0 to 2\u00b75 lb."", ""scale of the recording slate is graduated from 0\u00b0 to 360\u00b0 in 5\u00b0 intervals"", ""direction and pressure of the wind are ascertained from the position and length of the pencil trace""], ""other"": [""Inv. 1893-47""]}","{""object_names"": [], ""makers"": [""Samuel Burt Howlett""], ""materials"": [], ""dates"": [], ""places"": [], ""descriptions"": [""Meteorology"", ""anemograph""], ""other"": [""1868 type""]}"
139,9,6,1,2,1,0,0,1,1,0,0,0,4,2,2,1,"{""object_names"": [""DYNAMIC ANEMOMETER""], ""makers"": [""The Council of the Royal Aeronautical Society""], ""materials"": [], ""dates"": [""1870"", ""1871""], ""places"": [], ""descriptions"": [""apparatus was designed about 1870 for obtaining the horizontal and vertical components of the pressure of air in motion upon inclined surfaces of different forms and angles"", ""instrument is intended simultaneously to determine the component pressures of a current of air when directed against planes of different areas, and of different forms, and angles from 15\u00b0 to 90\u00b0"", ""designed about 1870"", ""Report of the Aeronautical Society""], ""other"": [""Inv. 1876-1216"", ""Lent""]}","{""object_names"": [""Pressure gauge"", ""Aeronautics pressure gauge""], ""makers"": [], ""materials"": [""6 steel plates"", ""2 extra springs""], ""dates"": [], ""places"": [], ""descriptions"": [""Pressure Gauge with 6 steel plates and 2 extra springs""], ""other"": [""pressure gauge""]}"
140,18,12,1,3,1,3,3,0,2,1,1,3,7,2,3,0,"{""object_names"": [""BRIDLED ANEMOMETER""], ""makers"": [""The Meteorological Office""], ""materials"": [""copper"", ""flexible cords"", ""snails""], ""dates"": [""1922"", ""1880""], ""places"": [""Holyhead""], ""descriptions"": [""Designed by Sir G. G. Stokes, Bart., F.R.S."", ""designed in 1880"", ""to give a measure of the strength of the wind during gusts, the maximum pressure of which is not always registered by a pressure tube anemometer."", ""It was not designed to register light winds, and therefore it is unaffected by any wind of lower velocity than 20 miles per hour."", ""portion of the instrument which is acted upon by the wind consists of five hemispherical copper cups, each of which is fixed by a short strong arm to a vertical spindle, around which they were originally placed equidistantly, and in the same horizontal plane."", ""In 1890, however, the cups were re-arranged spirally to prevent any possibility of one cup sheltering another."", ""indication of the wind force is obtained by attaching to the spindle two weights, which are raised by the rotation of the spindle under the action of the wind, the weights being sufficient to prevent the spindle from making one complete rotation, even in the strongest wind."", ""weights are suspended by flexible cords, which pass over pulleys and attach to the root of two snails carried on the periphery of the snails as the cups turn."", ""Below the spindle, and coaxial with it, is a cylinder which carries the record and also forms the driving weight of the clock, by which its descent is regulated."", ""pen is carried on an arm of the spindle, each motion of which causes the pen to sweep round the cylinder and trace a record of the corresponding wind speed."", ""horizontal ordinates give a measure of the force of the wind, and the absciss\u00e6 of the trace become the time-scale."", ""\"" Report of the Meteorological Council,\u201d 1898, p. 28.""], ""other"": [""Inv. 1912-195"", ""S.M. 1451"", ""L.S""]}","{""object_names"": [""Stokes type bridled anemometer"", ""Stokes type bridled cup anemometer"", ""Meteorology cup anemometer; cup anemometer""], ""makers"": [""Robert W Munro"", ""R W Munro and Company""], ""materials"": [], ""dates"": [""1890""], ""places"": [""London"", ""England"", ""United Kingdom""], ""descriptions"": [""Sir George Gabriel Stokes type"", ""designed in 1890""], ""other"": []}"
141,17,11,1,1,2,2,0,0,2,1,0,4,11,2,1,1,"{""object_names"": [""DYNAMIC ANEMOMETER""], ""makers"": [""W. H. Dines, Esq., F.R.S.""], ""materials"": [], ""dates"": [""about 1890""], ""places"": [], ""descriptions"": [""apparatus was designed and constructed by Mr. Dines about 1890 for determining the pressure of the wind on an inclined surface, and is intended to be revolved by some form of whirling machine."", ""When carried round by the machine, the pressure of the air is balanced by the centrifugal forces upon the two horizontal bars."", ""Of these the larger is adjusted by hand and clamped, but the final adjustment is effected by the automatic action of the smaller bar."", ""The pressure board is inclinable, and the lever which carries it can be set at any angle with the help of the graduated arc, to which, when used for observations, it is clamped."", ""This arc is connected by an arm and stud with the pivoted frame carrying the two horizontal bars in such a way that the movement in a vertical plane of the lever produces a movement in a horizontal plane of the bars."", ""This allows a pulley to act through a crown wheel, pinion and rack on the smaller bar, which is carried along until equilibrium is established between the wind pressure and the centrifugal force."", ""The pressure is then determined from the positions of the bars, as shown by their graduations."", ""See Proc. Roy. Soc., 1891, p. 233.""], ""other"": [""Inv. 1898-32.""]}","{""object_names"": [""Wind Pressure Apparatus""], ""makers"": [""R W Munro and Company""], ""materials"": [], ""dates"": [""1890""], ""places"": [""London"", ""Greater London"", ""England"", ""United Kingdom""], ""descriptions"": [""Apparatus for determining wind pressure on a sloping surface, designed and made by W. H. Dines, 1890."", ""Meteorology wind pressure apparatus""], ""other"": [""wind pressure apparatus 1890""]}"
142,11,10,1,2,1,1,1,1,1,1,0,1,5,2,2,2,"{""object_names"": [""SHOT WIND-PRESSURE GAUGE""], ""makers"": [], ""materials"": [""shot""], ""dates"": [], ""places"": [], ""descriptions"": [""specially designed to measure the maximum wind pressure"", ""the upper receptacle is filled with shot, which falls through the hole at the bottom, until the weight of the shot in the lower vessel is equal to the pressure of the wind on the plate"", ""As soon as this occurs, the plate moves forward, and at the same time closes the opening."", ""On the occurrence of a stronger gust of wind, the plate is forced back, the hole is opened, and shot falls through until equilibrium is again obtained."", ""To read the instrument, the plate is fastened in its forward position by the catch on the upper receptacle, and the shot is then withdrawn from the lower receptacle and weighed, or, preferably, measured in a glass which has been tabulated once for all."", ""The weight of shot gives the maximum pressure which has occurred since the instrument was last set.""], ""other"": [""Inv. 1893-162"", ""F.R.S.""]}","{""object_names"": [""Maximum wind pressure apparatus"", ""metal component""], ""makers"": [], ""materials"": [], ""dates"": [], ""places"": [""United Kingdom""], ""descriptions"": [""meteorology maximum wind pressure apparatus""], ""other"": [""1893""]}"
143,10,8,1,1,2,2,0,0,1,1,0,0,5,2,1,2,"{""object_names"": [""PORTABLE PRESSURE-TUBE ANEMOMETER""], ""makers"": [""L. Casella, Esq.""], ""materials"": [], ""dates"": [""last decade of the nineteenth century""], ""places"": [], ""descriptions"": [""designed by W. H. Dines"", ""particularly suitable for use at sea"", ""In making observations, the tube is drawn from its case, and using the latter as a handle, held in a vertical position with the nozzle facing the wind."", ""The height to which the liquid rises in the tube then indicates on the scales the velocity of the wind in miles per hour, and its pressure in pounds per square foot."", ""The instrument is very compact, and is calibrated to read accurately the velocity and force of the wind.""], ""other"": [""Inv. 1896-65""]}","{""object_names"": [""Dines portable anemometer""], ""makers"": [""L. Casella"", ""William Henry Dines""], ""materials"": [], ""dates"": [""1892""], ""places"": [], ""descriptions"": [""for use at sea"", ""Meteorology pressure-tube anemometer; pressure-tube anemometer""], ""other"": [""Casella, L. P.; Dines, William Henry""]}"
144,16,6,1,1,1,0,0,1,3,1,1,0,8,1,2,2,"{""object_names"": [], ""makers"": [""R. B. Prosser, Esq.""], ""materials"": [], ""dates"": [""1734 (design date)"", ""1734 (publication date)"", ""1892-139 (inv. number)""], ""places"": [""D'ONS EN BRAY""], ""descriptions"": [""earliest registering anemometer with clockwork gearing of which we have any distinct account"", ""to some extent resembles Dinglinger's apparatus of 1720"", ""consists essentially of four portions, a clock movement, a dial for indicating direction, and apparatus for recording direction and velocity respectively"", ""A vane on one side of the instrument is connected by simple gearing to the indicating dial, and so registers the wind direction."", ""The motion of the vane is communicated to a recording apparatus, and the appropriate one of a series of thirty-two pencils, corresponding to the points of the compass, is caused to record the direction on a travelling strip of paper."", ""The velocity of the wind is obtained from the rotational speed of a drum fitted with vanes and driving the recording apparatus through intermediary gearing."", ""(See Histoire de l'Acad. Roy. des Sci., 1734, p. 123.)"", ""instrument""], ""other"": [""Meteorology Catalogue 1922 Entry"", ""Inv. 1892-139""]}","{""object_names"": [], ""makers"": [], ""materials"": [""Engraving""], ""dates"": [], ""places"": [], ""descriptions"": [""Meteorology print""], ""other"": [""Science Museum Group Collections Online Entry"", ""print""]}"
145,8,7,1,1,2,1,0,0,2,1,0,0,2,2,1,2,"{""object_names"": [], ""makers"": [""Prof. G. Cacciatore""], ""materials"": [], ""dates"": [""1832""], ""places"": [], ""descriptions"": [""for indicating the velocity and inclination of the wind.""], ""other"": [""Inv. 1876-730"", ""Annuario della Societa Meteorologica Italiana, Vol. 1, p. 121.""]}","{""object_names"": [], ""makers"": [], ""materials"": [], ""dates"": [], ""places"": [], ""descriptions"": [""Photograph: drawing of an anemometer""], ""other"": [""Photograph"", ""Meteorology photograph""]}"
146,15,7,1,1,1,1,0,0,3,1,1,0,5,2,4,2,"{""object_names"": [], ""makers"": [], ""materials"": [], ""dates"": [""1834"", ""1843 until 1862""], ""places"": [""Greenwich Observatory""], ""descriptions"": [""instrument was designed by Whewell in 1834"", ""was in use at the Greenwich Observatory from 1843 until 1862, when it was superseded by Robinson's cup anemometer"", ""At the top of a case containing an upright cylinder marked for the points of the compass, is placed a horizontal circular plate, to which is attached a wind vane and a fly of eight fans."", ""Connected to this plate, but contained in the case, is a vertical screw of some 15 in. long, which is set parallel to the cylinder and carries a nut to which is fastened a pencil."", ""As the horizontal circular plate, by the action of the vane, turns with the wind, the pencil is carried round the cylinder, and the direction of the wind shown from the position of the pencil trace with regard to the compass points. In addition to being carried round, the pencil descends, for the fly being revolved by the wind, turns the vertical screw through the action of the intervening wheelwork, and the pencil carrier is lowered. The time being known during which the wind has been blowing in any particular direction, the velocity of the wind can be ascertained from the length of the trace made by the pencil in its descent.""], ""other"": [""Lent by The Admiralty"", ""Inv. 1893-166, S.M. 1452, L.S.""]}","{""object_names"": [], ""makers"": [], ""materials"": [], ""dates"": [""1835""], ""places"": [], ""descriptions"": [""Meteorology vane anemometer"", ""vane anemometer""], ""other"": [""Whewell (designer)""]}"
147,14,10,1,1,1,3,0,0,2,2,0,1,9,2,1,1,"{""object_names"": [], ""makers"": [""Messrs. F. Darton & Co.""], ""materials"": [], ""dates"": [""1922"", ""1876-850""], ""places"": [], ""descriptions"": [""designed for registering the wind"", ""graduated in miles and tenths to 500 miles"", ""The rotation imparted to the cups by the wind is transmitted by a vertical rod to a hozirontal spindle furnished with an endless screw which gears with two worm wheels set together behind the dial"", ""With the front wheel, the dial revolves, and with the hind wheel, the long index hand turns"", ""The dial is graduated on its inner circle from 1 to 5 miles, and a reading is taken by the short stationary pointer above it"", ""The outer circle has 100 divisions to represent each 5 miles to 500, the long hand serving as index"", ""This latter indication results from the different rates of revolution of the two wheels"", ""On each complete revolution of the dial wheel the index wheel falls one tooth behind, consequently the hand which moves with it falls one space behind on the dial and thus is apparently advanced one graduation"", ""In this way the 5 miles shown by a complete revolution of the dial are recorded""], ""other"": [""Inv. 1876-850""]}","{""object_names"": [""Four-cup anemometer""], ""makers"": [""Lind, James"", ""Biram, Benjamin""], ""materials"": [], ""dates"": [""1775"", ""1843""], ""places"": [""London""], ""descriptions"": [""Three items"", ""Meteorology anemometer""], ""other"": [""Lind anemometer"", ""Biram anemometer"", ""Robinson cup anemometer""]}"
148,8,13,1,3,1,3,1,0,1,3,0,1,3,1,1,2,"{""object_names"": [""ANEMOMETER""], ""makers"": [""F. Darton & Co.""], ""materials"": [""circular brass ring""], ""dates"": [""1843 (Design date)""], ""places"": [], ""descriptions"": [""instrument, which is of the form first made by Biram in 1843"", ""designed specially for determining the velocity of air currents in mines"", ""consists of a series of inclined vanes fitted with a registering apparatus""], ""other"": [""Inv. 1876-850""]}","{""object_names"": [""Four-cup anemometer"", ""Lind anemometer"", ""Robinson cup anemometer""], ""makers"": [""James Lind"", ""Benjamin Biram"", ""T.R. Robinson""], ""materials"": [], ""dates"": [""1846"", ""1775"", ""1843""], ""places"": [""London""], ""descriptions"": [""Meteorology anemometer""], ""other"": [""Three items"", ""anemometer 1846""]}"
149,6,9,1,1,1,2,0,0,1,1,0,3,2,1,1,1,"{""object_names"": [""ANEMOMETER""], ""makers"": [], ""materials"": [], ""dates"": [""1922""], ""places"": [], ""descriptions"": [""used in regulating the ventilation of mines"", ""similar in design to the adjacent instrument, but is smaller""], ""other"": [""Inv. 1875-32""]}","{""object_names"": [""Anemometer designed by Biram""], ""makers"": [""Pastorelli, Francis"", ""Biram, Benjamin""], ""materials"": [], ""dates"": [""1874""], ""places"": [""208 Piccadilly, London, England"", ""London, England"", ""United Kingdom""], ""descriptions"": [""Meteorology vane anemometer; vane anemometer""], ""other"": [""208 Piccadilly""]}"
150,22,8,1,1,3,2,2,0,1,1,1,0,13,1,1,3,"{""object_names"": [], ""makers"": [""The Meteorological Office""], ""materials"": [""tubular support"", ""ball-bearing head""], ""dates"": [], ""places"": [""Kew Observatory""], ""descriptions"": [""for indicating simultaneously on two sections of the same chart the velocity and the direction of the wind."", ""Robinson\u2019s method of measuring the velocity of the wind by the rotation of a system of hemispherical cups is employed"", ""wind direction is indicated by Osler\u2019s type of double wheel fan, which acts as a directing vane."", ""A stout tubular support carries the whole of the external part of the apparatus"", ""reduces the friction to a minimum."", ""As the cups are rotated by the wind, motion is given to a tubular shaft passing vertically downwards through the body of the apparatus to an endless screw which operates a worm-wheel, whence it is communicated to a brass spiral which forms the velocity recording device."", ""Any change in the direction of the wind produces a movement of the fans, which is similarly communicated through the body of the instrument to the thin-threaded screw which records direction."", ""The chart, which is revolved by clockwork, is divided into two sections, upon one of which is recorded the motion of the wind and upon the other its direction.""], ""other"": [""Inv. 1921-377""]}","{""object_names"": [], ""makers"": [], ""materials"": [], ""dates"": [], ""places"": [], ""descriptions"": [""Meteorology anemograph; anemograph""], ""other"": [""1856 (repeated)"", ""Robinson (designer) (repeated)"", ""Beckley (designer) (repeated)""]}"
151,14,14,1,1,2,3,2,0,2,1,0,3,5,4,2,2,"{""object_names"": [""LOWNE\u2019S AIR METER""], ""makers"": [""Casella"", ""Mr. P. M. Lowne (designer)""], ""materials"": [""aluminium vanes"", ""horizontal stand""], ""dates"": [""1874 (Design date)""], ""places"": [], ""descriptions"": [""portable magnetic instrument"", ""modification of the anemometer"", ""wheel is 2\u00b75 in. diameter"", ""axle is connected directly to the counter"", ""disengaging motion""], ""other"": [""Q. J. R. Met. Soc., Vol. 2, 1874, p. 285"", ""Inv. 1914-920""]}","{""object_names"": [""Robert Mann Lowne's type anemometer""], ""makers"": [""Louis Paschal Casella"", ""Robert Mann Lowne"", ""Benjamin Biram (designer/patentee)""], ""materials"": [], ""dates"": [""1861-1865""], ""places"": [""London, England"", ""Netley, Hampshire"", ""United Kingdom""], ""descriptions"": [""based on Benjamin Biram's 1842 patent"", ""made for Dr. E. A. Parkes"", ""later used in mining"", ""Meteorology anemometer; anemometer""], ""other"": [""Royal Victoria Military Hospital"", ""London, Greater London, England, United Kingdom""]}"
152,10,5,1,1,1,0,1,0,1,1,0,0,5,1,1,2,"{""object_names"": [], ""makers"": [""The Meteorological Office""], ""materials"": [""platinum point""], ""dates"": [], ""places"": [], ""descriptions"": [""Development of Richard's model"", ""designed for use on kite balloons"", ""arranged to give electrical contacts similar to those of the electric cup anemometer"", ""consists of a light eight-vaned fan, mounted on a horizontal shaft, which drives a vertical shaft by means of bevel gearing"", ""The upper end of this shaft rotates another parallel shaft carrying a cam, which actuates one end of a pivoted lever, causing a platinum point at the other end to make and break contact, so completing or breaking the electric circuit"", ""A table is provided by means of which the wind speed can be determined from the number of contacts per minute, the contacts being indicated by a telephone which may be situated either in the kite balloon or on the ground""], ""other"": [""Inv. 1919-514""]}","{""object_names"": [""Meteorology vane anemometer"", ""vane anemometer""], ""makers"": [], ""materials"": [], ""dates"": [], ""places"": [], ""descriptions"": [""for use in a balloon""], ""other"": [""Meteorology""]}"
153,9,9,1,2,1,1,0,0,0,1,1,4,5,1,1,0,"{""object_names"": [""SELF-TIMING ANEMOMETER""], ""makers"": [], ""materials"": [], ""dates"": [], ""places"": [""Derby""], ""descriptions"": [""This instrument is designed to enable the velocity of an air current to be ascertained without the use of a watch."", ""In taking observations the anemometer is exposed for a few seconds facing in a down-wind direction and the spring plunger pushed in."", ""The position then taken up by the index indicates the velocity of the air current in feet per second."", ""When more than one complete revolution of the index has been made the inner scale of graduations must be read."", ""To release the plunger, and to bring the index back to zero, the screw with milled head is employed.""], ""other"": [""Inv. 1893-122""]}","{""object_names"": [""Davis self-timing anemometer""], ""makers"": [], ""materials"": [], ""dates"": [""1884""], ""places"": [""Derbyshire, England"", ""United Kingdom"", ""London, England, United Kingdom""], ""descriptions"": [""Meteorology anemometer""], ""other"": []}"
154,12,13,1,2,1,1,0,0,2,1,0,3,7,4,1,2,"{""object_names"": [""INTEGRATING ANEMOMETER""], ""makers"": [], ""materials"": [], ""dates"": [""1884"", ""1889-64""], ""places"": [], ""descriptions"": [""Designed by Walter Bailey, F.R.S."", ""This instrument which was designed by Walter Bailey, F.R.S., in 1884, is somewhat similar to the integrating anemometer of Dr. A. von Oettingen, the records being obtained from wheels revolved by the friction of a plate turned by the wind."", ""There are two spindles, one to support the Robinson cups, and transmit their movement to the circular plate on which the recording wheels rest, the other for the vane to change the position on the plate of the two recording wheels in accordance with the direction of the wind."", ""That this change may be readily effected, the wheels are connected to small carriages which run between tramlines on a plate placed parallel to, and above that which revolves."", ""By the method of connection with the direction spindle, one wheel turns when the wind is at either of the four chief points of the compass, in intermediate directions, as N.E., S.S.W., both are turned."", ""As the speed of the revolving plate is ordinarily proportional to that of the wind, a measure can be obtained of the velocity of the latter from the number of revolutions of the wheels."", ""The recording is effected by an electrical contact made at each turn of the wheels, which allows a current to actuate a set of counters."", ""These counters are contained in a box, and are connected with the instrument by wires to the binding screws which represent the N., S., E., and W. points."", ""The value of the records can be determined either by measurement of the instrument or by direct experiment.""], ""other"": [""Phil. Mag., June, 1884""]}","{""object_names"": [""Bailey integrating anemometer mechanism and counter"", ""Meteorology instrument component"", ""anemometer"", ""instrument component"", ""anemometer""], ""makers"": [""Elliott Brothers""], ""materials"": [], ""dates"": [""c.1882""], ""places"": [""London, England"", ""United Kingdom"", ""London""], ""descriptions"": [""mechanism"", ""by Elliott Brothers, London, England"", ""mechanism and counter"", ""Bailey type anemometer""], ""other"": [""British"", ""1880-1885"", ""1882""]}"
155,9,12,1,2,1,2,0,1,1,1,0,3,5,3,1,0,"{""object_names"": [""GALTON'S HAND ANEMOMETER""], ""makers"": [""The Meteorological Office""], ""materials"": [], ""dates"": [""1922""], ""places"": [], ""descriptions"": [""instrument was designed by Mr. Francis Galton for determining wind velocity at sea, in order that the records of the force of the wind kept in log books might be obtained by a uniform method of observation"", ""small portable arrangement of Robinson's cups with a dial which reads to 45 miles per hour"", ""Attached to the frame of the instrument is a sand glass which empties in two minutes"", ""sand glass is connected at the back of this frame with the dial, so that, on its being turned to allow the sand to run out, the dial is put in gear with the screw of the spindle of the cups, but on reversal of the glass is thrown out of gear"", ""In this way the velocity of the wind as indicated by a short period of exposure is registered""], ""other"": [""Inv. 1894-116""]}","{""object_names"": [""Sir Francis Galton type hand anemometer"", ""cup anemometer""], ""makers"": [""James Joseph Hicks"", ""Sir Francis Galton""], ""materials"": [""later wooden stand""], ""dates"": [""1882-1894""], ""places"": [""8, 9 & 10 Hatton Garden, London, England"", ""London, England, United Kingdom""], ""descriptions"": [""Hand held anemometer"", ""Fitted with sand glass"", ""Meteorology""], ""other"": []}"
156,19,12,2,3,0,2,0,0,0,1,0,1,14,3,3,2,"{""object_names"": [""Robinson cup anemometer"", ""dial reading to 10,000 miles""], ""makers"": [], ""materials"": [], ""dates"": [], ""places"": [], ""descriptions"": [""instrument devised to reconcile adequate exposure of the hemispherical cups with accessibility of the dial of the Robinson cup anemometer"", ""specially designed and constructed for stations of the second and third order connected with the Meteorological Office of the Dominion of Canada"", ""fitted with a shaft, the length of which can be adjusted to suit different stations"", ""consists of a short spindle bearing a small set of Robinson's cups and connected with a horizontal cogged wheel resting on friction rollers"", ""also with a long shaft suspended from its centre, as in the anemographs of the British observatories"", ""contrived so that the shaft may make 101 complete turns for 200 miles of wind"", ""mode of recording the miles is as follows"", ""at the lower end of the shaft is an endless screw which acts on the circumferences of two toothed wheels of equal diameter, turning in vertical planes about a common axis, and having 100 and 101 teeth respectively"", ""from the centre of the back wheel (that of 100 teeth) projects forwards a short hollow pin which encloses and works on a solid pin fixed to a support behind the back wheel"", ""the front wheel (that of 101 teeth) which turns on the above-named hollow pin, and slides closely on the face of the back wheel, has a graduated ring on its face, containing 100 divisions"", ""the outer ends of the lines of graduation indicate miles, while the inner ends of the same lines, reckoned in the reverse order, indicate hundreds"", ""the endless screw, at every turn, causes both wheels to advance two teeth, so that for 100 miles the front wheel makes one complete turn, or 100 divisions, while the back wheel makes one complete turn and one tooth, and thus advances one division with respect to the front wheel"", ""the miles up to 100 are shown by a fixed pointer, and the hundreds by a pointer attached to the end of the hollow pin"", ""for fractions of a mile there is a contrivance which needs adjustment at each observation"", ""a correction of 1 per cent. nearly, should be subtracted from the fractional parts"", ""if the anemometer be too distant from the observer's office to allow the dial to be read conveniently with the required frequency, it may be connected electrically with a dial or with a self-recording apparatus, but in such a case the master dial should be read periodically as a check on the electrical dial""], ""other"": [""G. T. Kingston, Esq."", ""Inv. 1876-784""]}","{""object_names"": [""indicator dial"", ""Meteorology cup anemometer""], ""makers"": [""Foster"", ""Robinson""], ""materials"": [], ""dates"": [""1875""], ""places"": [""Toronto"", ""Toronto Metropolitan Area"", ""Ontario"", ""Canada""], ""descriptions"": [""Canadian M.O. pattern"", ""cup anemometer Toronto""], ""other"": [""Science Museum Group Collections Online""]}"
157,12,11,1,1,2,2,0,0,2,1,1,1,5,4,1,2,"{""object_names"": [""RUSSELL'S HAND ANEMOMETER""], ""makers"": [""Capt. Sir D. Wilson-Barker, R.N.""], ""materials"": [], ""dates"": [""about 1891"", ""1921-149""], ""places"": [""Sydney, N.S.W.""], ""descriptions"": [""Robinson cup type of anemometer modified for portability"", ""designed for use in the hand so that the force of the wind may be measured at any time"", ""consists of a series of hemispherical cups mounted on a vertical shaft which is geared to a disc"", ""One revolution of the dial indicates one-tenth of a mile of wind, and the subdivisions hundredths.""], ""other"": [""Inv. 1921-149"", ""Qt. Jr. Met. Soc., Vol. IX, 1883, p. 241.""]}","{""object_names"": [""Hand anemometer""], ""makers"": [""Henry Chamberlain Russell""], ""materials"": [], ""dates"": [""1878-1883""], ""places"": [""Australia""], ""descriptions"": [""Henry Chamberlain Russell type"", ""Incomplete, originally fitted with a 2 minute sand glass attached to bracket on arm."", ""leaflet"", ""sand glass""], ""other"": [""unsigned"", ""(British?)""]}"
158,9,8,1,1,1,1,0,1,2,1,1,1,3,2,1,1,"{""object_names"": [""WINDMILL VANE""], ""makers"": [], ""materials"": [], ""dates"": [""about 1876""], ""places"": [""Dominion of Canada""], ""descriptions"": [""to determine wind direction only"", ""to meet the case when a vane, if suitable exposed, is too distant to admit of being connected by a shaft with a dial in an inaccessible position"", ""devised and constructed for stations of the second and third orders in connection with the Meteorological Office""], ""other"": [""Inv. 1876-785""]}","{""object_names"": [""Anemometer""], ""makers"": [""Foster""], ""materials"": [""battery and buzzer registration""], ""dates"": [""1875""], ""places"": [], ""descriptions"": [""Windmill wind direction vane"", ""Canadian M.O. pattern""], ""other"": [""Meteorology anemometers; anemometers 1875 Canada Foster; Kingston G.T""]}"
159,6,10,1,2,1,2,0,0,1,1,0,1,2,2,1,2,"{""object_names"": [""HAGEMANN ANEMOMETER""], ""makers"": [""The Meteorological Office""], ""materials"": [], ""dates"": [""1922""], ""places"": [], ""descriptions"": [""This is a differential pressure anemometer in which the effects of pressure and suction caused by air passing two differently disposed orifices, are added to produce an increased movement of a column of liquid.""], ""other"": [""Inv. 1917-29""]}","{""object_names"": [""Lind type anemometer"", ""anemometer""], ""makers"": [""Hagemann, G. A."", ""Unknown maker""], ""materials"": [], ""dates"": [], ""places"": [""Denmark""], ""descriptions"": [""graduated with Beaufort scale"", ""pressure-tube anemometer""], ""other"": [""1870-1876"", ""Lind type""]}"
160,15,8,2,2,2,2,2,0,2,1,1,0,5,2,1,1,"{""object_names"": [""HAGEMANN'S HAND ANEMOMETER""], ""makers"": [""Capt. Sir D. Wilson-Barker, R.N.""], ""materials"": [""U-tube"", ""graduated scale on a wooden frame""], ""dates"": [""1921-148""], ""places"": [""Melbourne""], ""descriptions"": [""This anemometer is a modification of Hagemann's original instrument"", ""for use at sea"", ""The instrument which was used for several years by the donor"", ""It is held with the mouth of the shorter tube in an upwind direction, when the difference of level of the liquids in the two tubes was observed"", ""The readings obtained with this instrument were smaller than those obtained with a cup anemometer.""], ""other"": [""(See Q. J. Met. Soc., Vol. IX, 1883, p. 241.)""]}","{""object_names"": [""Hagemann hand anemometer""], ""makers"": [""G. A.""], ""materials"": [], ""dates"": [], ""places"": [], ""descriptions"": [""Meteorology anemometer"", ""anemometer""], ""other"": []}"
161,9,4,1,1,1,0,0,0,1,1,0,0,5,1,1,1,"{""object_names"": [], ""makers"": [""Col. Alec Ogilvie""], ""materials"": [], ""dates"": [], ""places"": [], ""descriptions"": [""used on kite balloons for determining wind speed"", ""comprises an \u201cOgilvie\u201d head, consisting of a pressure and static tube and an indicator connected thereto"", ""head of the instrument is placed in an upwind direction, so that air in the inner tube becomes compressed by the pressure of the wind, while that in the outer tube is reduced in pressure by the rush of air past the annular ring of holes"", ""pointer of the indicator moves over a graduated scale, and is actuated by the motion of a diaphragm separating two chambers connected respectively with the two tubes of the head"", ""See also \u201cAir Speed Indicators\u201d in Aeronautics Section""], ""other"": [""Lent by The Meteorological Office"", ""Inv. 1919-513""]}","{""object_names"": [""air speed indicator, 1919"", ""Aeronautics air speed indicator; air speed indicator 1919""], ""makers"": [], ""materials"": [], ""dates"": [], ""places"": [], ""descriptions"": [""1919""], ""other"": []}"
162,17,8,1,1,1,2,3,0,2,1,1,3,8,1,1,0,"{""object_names"": [""DINES'S PRESSURE TUBE ANEMOMETER""], ""makers"": [""Mr. W. H. Dines""], ""materials"": [""flexible metal tubes"", ""copper"", ""water""], ""dates"": [""1887 to 1894""], ""places"": [""Horsham in Surrey""], ""descriptions"": [""instrument, which was designed by Mr. W. H. Dines for recording the velocity of the wind, is the outcome of a long series of experimental investigations into the relations between the velocity and pressure of the wind"", ""consists of two independent parts: the head, which is the part exposed to the wind, and the recording apparatus, which may be set up in any convenient place indoors, the two portions being connected together by flexible metal tubes"", ""The head consists of a vane formed of a horizontal tube open at one end, and pivoted upon the top of a vertical tube into which it leads. The vane is kept in position with its open end facing the wind, and every increase in wind pressure causes a corresponding increase of the pressure in the vertical or pressure tube."", ""Just below the vane this vertical tube is surrounded by another one of much larger diameter, the exterior of which is perforated by four rings of holes placed close together around its circumference. As the wind passes across these perforations, the air in the tube is sucked out, so that a diminution of pressure results in this tube, which is called the suction tube."", ""The recorder consists of a float, which is a specially-shaped cylindrical copper vessel, closed at one end and inverted in a vessel partially filled with water, and sealed from the air in the room."", ""The interior of the float is in connection with the pressure tube, while the suction tube is connected with the top of the closed vessel containing the float."", ""The two forces thus act together, but in opposite ways, to raise the float in the water. To the top of the float is fixed a rod which carries a pen, the point of which rests against a sheet of paper attached to a drum which is rotated by clockwork. With every upward or downward movement of the float, corresponding to an increase or decrease of wind force, the pen leaves a trace upon the paper, and thus the magnitude of every variation of the strength of the wind is graphically registered, together with the time of its occurrence."", ""Investigations carried out during the years 1887 to 1894""], ""other"": [""Inv. 1911-163""]}","{""object_names"": [""Dines type anemograph"", ""anemograph"", ""Meteorology anemograph""], ""makers"": [""Robert W. Munro"", ""R W Munro and Company""], ""materials"": [], ""dates"": [""1890""], ""places"": [""London, England"", ""London, Greater London, England, United Kingdom""], ""descriptions"": [""Anemograph designed by William Henry Dines and bulit by by Robert W. Munro""], ""other"": []}"
163,18,10,1,1,1,2,7,0,1,1,0,4,7,2,1,0,"{""object_names"": [""ROTCH'S WIND INSTRUMENT""], ""makers"": [""Messrs. C. F. Casella & Co., Ltd.""], ""materials"": [""brass discs"", ""boxwood rule"", ""brass slide"", ""boxwood rule"", ""sights"", ""handle"", ""fixed disc""], ""dates"": [""1922""], ""places"": [], ""descriptions"": [""devised by Mr. A. Lawrence Rotch for determining the true direction and velocity of the wind at sea"", ""consists of two brass discs of 3 in. diameter, marked with the cardinal points of the compass, each quadrant being divided into 90\u00b0, beginning at north and proceeding in a right and left-handed direction to east and west respectively"", ""One of these discs is pivoted near the end of a boxwood rule, 10 in. long, having 30 divisions, and stamped \""ship moving,\"" with an arrow pointing away from the pivot."", ""On this pivot there is also mounted, near one end, a similar rule, about 17 in. long, containing 60 of the above divisions, and marked \""true wind,\"" with an arrow directed away from the pivot."", ""A brass slide upon the short rule carries the other movable disc, and also another pivoted boxwood rule, likewise divided into 60 parts, and marked \""resultant wind,\"" with an arrow head away from its pivot."", ""In using the instrument the discs are rotated until they indicate the true course of the vessel on the \""ship moving\"" rule, and the slide is placed on the graduation representing the speed of the ship. This \""ship moving\"" rule is then sighted along the fore and aft direction of the ship, and the \""true wind\"" rule turned until its sights are normal to the advancing wave crests, when the short end of this rule will indicate on its graduated disc the direction from which the wind comes. The \""resultant wind\"" rule is now sighted to coincide with the direction of the receding line of smoke, when the velocities of the true wind and the wind experienced on board may be read off on the two long rules.""], ""other"": [""Inv. 1921-312""]}","{""object_names"": [""Rotch true-wind calculator""], ""makers"": [""C. F. Casella"", ""Rotch, A. Lawrence""], ""materials"": [], ""dates"": [""1903""], ""places"": [""London"", ""Greater London"", ""England"", ""United Kingdom""], ""descriptions"": [""for use at sea"", ""Meteorology calculator; calculator""], ""other"": []}"
164,11,15,1,1,1,2,1,3,2,1,0,3,4,2,2,3,"{""object_names"": [""HOWARD\u2019S RAIN-GAUGE""], ""makers"": [""H. L. P. Lowe, Esq.""], ""materials"": [""paper scale""], ""dates"": [""Early part of the nineteenth century"", ""1818""], ""places"": [], ""descriptions"": [""This form of gauge was used by Luke Howard during the early part of the nineteenth century, and described by him in his \""Climate of London,\"" 1818."", ""In construction and design it is similar to more recent instruments, but differs in the method of graduating the measuring glass, a paper scale being used to indicate the rainfall, while, in later instruments, etched scales are employed.""], ""other"": [""Inv. 1902-86"", ""Used by Luke Howard""]}","{""object_names"": [""Luke Howard's rain-gauge""], ""makers"": [""Richard & George Knight"", ""45 Foster Lane, Cheapside, London""], ""materials"": [""glass bottle"", ""copper funnel"", ""measuring cylinder""], ""dates"": [""c. 1818""], ""places"": [""London"", ""England"", ""United Kingdom""], ""descriptions"": [""Rain gauge designed by Luke Howard and made by Richard & George Knight, 45 Foster Lane, Cheapside, London, c. 1818."", ""Meteorology rain-gauge""], ""other"": [""Howard, Luke""]}"
165,12,13,1,2,1,1,1,0,2,2,0,4,6,2,1,2,"{""object_names"": [""CROSLEY'S REGISTERING RAIN-GAUGE""], ""makers"": [], ""materials"": [""10 in. square gauge"", ""oscillating bucket"", ""set of counters contained within the case"", ""lever"", ""two projecting plates on the bucket"", ""pipette-shaped measure""], ""dates"": [""1829""], ""places"": [], ""descriptions"": [""This instrument, which was devised by Crosley in 1829, is a modification of Wren's bucket gauge, and is fitted with a train of wheels similar to those used for gas meters."", ""Each movement of the bucket caused by the weight of water conveyed alternately to its right and left halves by the gauge, is transmitted to the wheel-work of the counters by a lever acting between two projecting plates on the bucket."", ""There are three counters for cubic inches, tenths and hundredths respectively."", ""A pipette-shaped measure is supplied for testing the accuracy of the registration."", ""This measure will contain 5 cub. in. of water, and its contents should, as the gauge has an area of 100 sq. in., advance the hand of the hundredths counter five divisions.""], ""other"": [""Inv. 1893-159""]}","{""object_names"": [""Crossley type self-registering rain gauge"", ""rain gauge, recording""], ""makers"": [], ""materials"": [], ""dates"": [""1871-1893""], ""places"": [""London, England"", ""London, Greater London, England, United Kingdom""], ""descriptions"": [""First devised by Crossley in 1829."", ""Meteorology rain gauge, recording""], ""other"": [""Self-registering rain gauge"", ""L. Casella, London, England""]}"
166,10,8,1,1,1,2,0,0,1,0,0,0,6,4,1,1,"{""object_names"": [], ""makers"": [], ""materials"": [], ""dates"": [""1922""], ""places"": [], ""descriptions"": [""This instrument is a modification of the Crosley recording rain-gauge from which it differs chiefly in the recording arrangements."", ""In this gauge the oscillating bucket and the wheels for recording its movements are separated by a partition."", ""The bucket, which is constructed to tilt with every tenth of a cubic inch of water, actuates a pin wheel of somewhat large diameter."", ""The wheel is marked on its periphery by tenths from 1 to 5 cub. in., and as the vibrations of the bucket turn the wheel, the amount of rainfall within these limits can be read from an opening in the side of the case."", ""For higher readings, a dial marked for 5 to 100 cub. in., which is in connection with the graduated wheel, is used.""], ""other"": [""Inv. 1893-132""]}","{""object_names"": [""Crossley rain gauge, modified""], ""makers"": [""Crossley (designer)"", ""East India Company (modifier)""], ""materials"": [], ""dates"": [], ""places"": [], ""descriptions"": [""Meteorology rain gauge"", ""rain gauge""], ""other"": []}"
167,15,15,1,1,2,2,2,0,1,1,1,4,6,5,2,2,"{""object_names"": [], ""makers"": [""The Meteorological Office""], ""materials"": [""metal""], ""dates"": [], ""places"": [], ""descriptions"": [""instrument was designed and constructed at the Kew Observatory"", ""indicating a mean result from the quantity of water which may have fallen between any two given periods, minus the quantity of vapour which has evaporated in the same time on and from a circular plane of one foot diameter"", ""consists of two cylindrical vessels, connected by a tube, the one being 1 ft. in diam., and open at the top, whilst the other is 3 in. and (with the exception of a small hole) entirely closed by a cover, which carries a frame, holding a circular divided arc, with an index moving over it"", ""index is attached to a small pulley, over which a cord passes, having its end fixed to the float in the cylinder"", ""rising and falling with the changes of water level, indicates the amount of rain or evaporation on the metal scale""], ""other"": [""Brit. Assoc. Rept., 1844, p. 128."", ""1876-797""]}","{""object_names"": [""evaporimeter""], ""makers"": [""Adie & Son""], ""materials"": [], ""dates"": [], ""places"": [""Kew"", ""Richmond upon Thames"", ""Greater London"", ""United Kingdom"", ""Surrey"", ""England""], ""descriptions"": [""Meteorology rain gauge"", ""evaporimeter""], ""other"": [""Surrey, England, United Kingdom""]}"
168,7,8,1,1,1,1,1,1,1,1,0,0,2,2,1,2,"{""object_names"": [""RAIN RECEIVER""], ""makers"": [""G. J. Symons, Esq., F.R.S.""], ""materials"": [""stoneware""], ""dates"": [""About 1850""], ""places"": [], ""descriptions"": [""This type of receiver, which is made of stoneware instead of glass, was introduced by Casella about 1850, with the view of reducing the frequency of breakages.""], ""other"": [""Inv. 1893-126""]}","{""object_names"": [""Rain gauge receiver jar""], ""makers"": [""L. Casella""], ""materials"": [""stoneware""], ""dates"": [""1850""], ""places"": [], ""descriptions"": [""Rain gauge receiver jar, stoneware, by L. Casella, 1850, incorporated with 1893-130. Meteorology rain gauge; rain gauge 1850 L. Casella""], ""other"": [""1893-130"", ""Meteorology rain gauge; rain gauge""]}"
169,7,11,1,1,1,1,0,0,0,1,0,4,4,2,1,2,"{""object_names"": [], ""makers"": [], ""materials"": [], ""dates"": [], ""places"": [], ""descriptions"": [""This is an example of an early type of rain gauge designed by Glaisher."", ""It consists of a cylinder of 8-in. diam., containing a funnel to the lower end of which was fitted a U trap."", ""The receiver is fitted with a tap, through which the rain water is drawn off into the graduated measuring glass.""], ""other"": [""GLAISHER'S RAIN-GAUGE""]}","{""object_names"": [""Glaisher type rain gauge""], ""makers"": [""Pastorelli & Co."", ""Pastorelli"", ""Glaisher, James""], ""materials"": [], ""dates"": [""1860""], ""places"": [""London"", ""Greater London"", ""England"", ""United Kingdom""], ""descriptions"": [""Meteorology rain gauge; rain gauge""], ""other"": [""Inv. 1860-35""]}"
170,13,11,2,2,1,1,3,0,1,1,0,4,5,2,1,1,"{""object_names"": [""SNOWDON RAIN-GAUGE"", ""5-in. Snowdon rain-gauge""], ""makers"": [""Negretti and Zambra""], ""materials"": [""copper"", ""brass rim"", ""glass bottle""], ""dates"": [""1922""], ""places"": [], ""descriptions"": [""example of the standard 5-in. Snowdon rain-gauge"", ""gives practically the same results as an 8-in. gauge"", ""cylindrical receiver"", ""deep funnel"", ""collecting can contained within the lower portions of the instrument"", ""stout and accurately turned brass rim"", ""ensures the entrance remaining circular"", ""graduated in \u00bd in."", ""graduated glass measure, which enables a more accurate reading to be taken""], ""other"": [""Inv. 1908-192""]}","{""object_names"": [""Snowdon rain gauge"", ""5 inch Snowdon rain gauge""], ""makers"": [""Negretti and Zambra""], ""materials"": [], ""dates"": [""1908""], ""places"": [""London"", ""Greater London"", ""England"", ""United Kingdom""], ""descriptions"": [""by Negretti and Zambra"", ""Meteorology rain gauge; rain gauge""], ""other"": [""maker""]}"
171,9,13,1,1,1,2,0,0,2,1,1,5,3,2,1,2,"{""object_names"": [""SYMONS SNOWDON GAUGE""], ""makers"": [], ""materials"": [], ""dates"": [""1864 (designed)""], ""places"": [""Snowdon""], ""descriptions"": [""This type of gauge was designed in 1864 by Symons, for use in the district round Snowdon."", ""It is provided with a Snowdon rim consisting of a cylinder rising 4 in. vertically from the edge of the cone of the funnel, which is suitable for the collection of snow."", ""A collecting bottle and pail are provided together with a measuring jar which is graduated to 0.50 cub. in.""], ""other"": [""Inv. 1893-151""]}","{""object_names"": [""rain gauge""], ""makers"": [""L Casella, London"", ""Symons, George James; L Casella""], ""materials"": [], ""dates"": [""1871""], ""places"": [""London"", ""Greater London"", ""England"", ""United Kingdom""], ""descriptions"": [""George James Symons's design of rain gauge for use in the Snowdon area"", ""Meteorology rain-gauge; rain-gauge""], ""other"": [""George James Symons designed rain gauge, with bottle, pail and measuring cylinder"", ""With bottle, pail and measuring cylinder""]}"
172,8,12,1,1,1,2,0,0,0,1,1,5,4,2,1,1,"{""object_names"": [""BRADFORD WATER WORKS GAUGE""], ""makers"": [], ""materials"": [], ""dates"": [], ""places"": [""Bradford Corporation""], ""descriptions"": [""Designed by Sir Alexander R. Binnie for use on the gathering grounds of the Bradford Corporation."", ""It is a five-inch gauge 24 in. in length, with a cylinder above the funnel, and fitted with a Snowdon rim."", ""The cylinder is found of advantage in obtaining more accurate measurements, especially in the case of snowfall."", ""The collecting pail will hold about 15 cub. in., and the measuring jar is graduated to 1.00 cub. in.""], ""other"": [""Inv. 1893-150""]}","{""object_names"": [""Rain gauge""], ""makers"": [""L. Casella, Holborn Bars, London""], ""materials"": [], ""dates"": [""1893""], ""places"": [""Holborn"", ""Camden, London"", ""Greater London, England"", ""United Kingdom""], ""descriptions"": [""designed by Alexander Binnie for use at Bradford waterworks"", ""Five-inch rain gauge""], ""other"": [""Meteorology rain gauge; rain gauge 1893""]}"
173,8,14,1,1,1,1,1,3,1,1,0,4,3,2,1,2,"{""object_names"": [], ""makers"": [], ""materials"": [""copper""], ""dates"": [], ""places"": [], ""descriptions"": [""designed to enable a rough estimate of rainfall to be made"", ""which serves to collect the rain water and lead it into a receiving bottle"", ""enables the quantity of water to be measured and the rainfall to be determined""], ""other"": [""Inv. 1865-4""]}","{""object_names"": [], ""makers"": [""Newton & Co., 3 Fleet Street, Temple Bar, London""], ""materials"": [""brass funnel"", ""glass bottle with measuring cylinder"", ""evaporating dish""], ""dates"": [""1860-1865""], ""places"": [""London, Greater London, England, United Kingdom""], ""descriptions"": [""common form of rain-gauge""], ""other"": [""Meteorology rain gauge; rain gauge"", ""rain gauge""]}"
174,5,9,1,1,1,0,0,3,0,1,0,0,2,2,1,2,"{""object_names"": [], ""makers"": [""Messrs. P. Harris & Co.""], ""materials"": [], ""dates"": [], ""places"": [], ""descriptions"": [""designed for approximate determination of rainfall"", ""resembles closely No. 196""], ""other"": [""1922""]}","{""object_names"": [], ""makers"": [], ""materials"": [""funnel"", ""blue glass collecting bottle"", ""measuring glass""], ""dates"": [""c. 1888""], ""places"": [], ""descriptions"": [""Meteorology rain gauge"", ""rain gauge 1888""], ""other"": [""1888""]}"
175,10,9,1,1,1,1,0,0,1,1,2,3,4,1,1,2,"{""object_names"": [], ""makers"": [], ""materials"": [], ""dates"": [], ""places"": [""Christiania""], ""descriptions"": [""designed by Prof. M\u00f6hn"", ""used during the latter half of the nineteenth century at meteorological stations belonging to the Norway Meteorological Institute"", ""exposes a square surface, 15 by 15 cm."", ""height of 60 cm."", ""designed for catching snow"", ""the lower part is protected against evaporation"", ""the rain (or melted snow) water is to be poured out of the gauge through one of its upper corners, into a measuring cylindrical glass, divided to show the height of fallen rain in millimetres""], ""other"": [""Inv. 1876-779""]}","{""object_names"": [""measuring glass cylinder""], ""makers"": [], ""materials"": [], ""dates"": [""1851""], ""places"": [""Oslo, Norway""], ""descriptions"": [""as used in Norway""], ""other"": [""Norway Meteorology rain gauge"", ""rain gauge""]}"
176,16,6,1,1,1,1,1,0,2,1,1,1,8,1,2,1,"{""object_names"": [""SYMONS STORM-GAUGE""], ""makers"": [""The Meteorological Office""], ""materials"": [""copper cylinder""], ""dates"": [""June 23rd, 1873"", ""over 30 years""], ""places"": [""London""], ""descriptions"": [""instrument designed to enable observers to ascertain the most minute details of heavy rain during thunderstorms, and is not intended for yielding continuous records"", ""rain was ascertained to be falling for 30 seconds at the rate of 12 in. an hour, or 288 in. a day"", ""second type of storm gauge designed by Symons"", ""much stronger than the earlier form"", ""rain passes into a copper cylinder in which is a float, which rises as the rain falls"", ""float has a string passing round a pulley and kept tight by a counterpoise and therefore when the float rises, the pulley turns"", ""At the extremity of the axle of the pulley there is fixed a hand similar to the minute hand of a clock, and the size of the parts is so arranged that this hand completes a revolution when one inch of rain has fallen"", ""Inside the case there is a very simple wheelwork, whereby another short hand, like the hour hand of a clock completes a revolution for five inches. With this gauge it is therefore quite easy to read from a window the fall of rain to hundredths of an inch, and by doing this, say every 30 sec., full details of the fall of rain can be ascertained""], ""other"": [""British Rainfall Organisation"", ""Inv. 1921-261""]}","{""object_names"": [""George James Symons Storm Gauge""], ""makers"": [""George James Symons""], ""materials"": [], ""dates"": [""1875""], ""places"": [""Britain"", ""United Kingdom""], ""descriptions"": [""Meteorology gauge""], ""other"": [""gauge 1875""]}"
177,13,13,1,2,1,2,3,0,2,1,0,4,4,4,2,0,"{""object_names"": [], ""makers"": [""J. Sidebotham, Esq., F.R.Met.Soc.""], ""materials"": [""external jacket"", ""angular tube"", ""box with glass front""], ""dates"": [""1922"", ""1879 (invention date)""], ""places"": [], ""descriptions"": [""invented in 1879 by Mr. Sidebotham for the determination of the fall of snow"", ""It is an eight-inch gauge"", ""Warm water is poured into the angular tube, and when the snow, with which it is never in contact, in the funnel is melted, the water is run off by the tap, and if needed, a fresh supply is added."", ""By this arrangement any mistake from adding a wrong quantity of water is impossible."", ""The collecting can is protected by a box with glass front, which encloses also the lower part of the gauge."", ""The measuring jar is graduated to 0\u22c550 cub. in.""], ""other"": [""Inv. 1893-115"", ""Lent by""]}","{""object_names"": [""Rain and snow gauge"", ""Meteorology rain gauge, snow gauge; rain gauge, snow gauge""], ""makers"": [""J.H. Steward (maker)"", ""Sidebotham, James, FR Met Soc""], ""materials"": [], ""dates"": [""1879""], ""places"": [""London"", ""Greater London"", ""England"", ""United Kingdom""], ""descriptions"": [""1879""], ""other"": []}"
178,11,7,1,2,1,1,3,0,1,1,1,0,3,2,1,1,"{""object_names"": [""PRUSSIAN RAIN AND SNOW-GAUGE""], ""makers"": [""G. J. Symons, Esq., F.R.S.""], ""materials"": [""cylindrical chamber"", ""turned brass rim"", ""stop cock""], ""dates"": [""about 1885""], ""places"": [""Prussian Meteorological Service""], ""descriptions"": [""designed by Hellmann about 1885"", ""used in the Prussian Meteorological Service"", ""constructed to be supported above the ground by means of a stake""], ""other"": [""6\u22c525 in. diameter"", ""Inv. 1893-127""]}","{""object_names"": [""Hellman rain gauge"", ""rain gauge""], ""makers"": [""Hellmann, Dr.""], ""materials"": [], ""dates"": [], ""places"": [], ""descriptions"": [""with small model""], ""other"": [""Meteorology""]}"
179,15,10,1,1,1,1,0,1,1,1,1,3,10,2,1,1,"{""object_names"": [""ELECTRICAL SELF-RECORDING RAIN-GAUGE""], ""makers"": [""Messrs. Yeates & Son, Dublin""], ""materials"": [], ""dates"": [""1922""], ""places"": [""Dublin""], ""descriptions"": [""similar in principal to Crosley's"", ""consists of two distinct parts, the gauge and the recorder"", ""fitted with a funnel"", ""of square section and of 10 in. side"", ""rain collected by the gauge passes by the funnel to an oscillating bucket"", ""so made and supported that the weight of a cubic inch will cause it to tilt to discharge its contents"", ""This act of tilting is made use of to record the amount of rain received"", ""The recorder has two dials, graduated to read to cubic inches and hundredths"", ""supplied with a train of wheels, the movement of which is controlled by the armature of a pair of electro-magnets"", ""the gauge, the recorder and a battery being connected by wires, the oscillation of the bucket completes the circuit, and the electro-magnets, acting by their armature, move forward the hand on the dial"", ""A record of each 0\u00b701 cub. in. of rainfall is thus obtained"", ""The advantage of this system is, that the recording dials may be kept under cover and thus preserved from damage by exposure, while at the same time they may be readily consulted""], ""other"": [""Inv. 1893-121""]}","{""object_names"": [""Electrical rain gauge recorder"", ""Electrical recording rain gauge""], ""makers"": [""Yeates and Son""], ""materials"": [""battery and battery box""], ""dates"": [""1875""], ""places"": [""Ireland"", ""Leinster"", ""Ireland Hellesen, Frederik Louis Wilhelm""], ""descriptions"": [""in three parts"", ""relay unit""], ""other"": []}"
180,11,6,1,1,1,1,0,0,1,1,1,0,6,2,1,1,"{""object_names"": [], ""makers"": [""The Meteorological Office""], ""materials"": [], ""dates"": [""1922""], ""places"": [""Camden Square, London, N.W.""], ""descriptions"": [""balance pattern"", ""used by Dr. H. R. Mill"", ""British Rainfall Organisation"", ""gave continuous records of the rainfall for more than thirty years"", ""large funnel of 9\u00b75 in. diam."", ""bucket attached to one end of an arm, and counterpoised by a weight at the other end"", ""arm carrying the bucket and counterpoise is suspended from two pillars, and is also connected by a linked parallel movement to the pencil or pen which records the rainfall on the drum of the instrument"", ""As the rain enters the bucket, it depresses it and draws the pencil across the moving chart to a distance corresponding to the amount of water received"", ""When the bucket contains the correct quantity of rain (0\u00b72 in. or 5 mm.) it automatically tips over, and the water flows away through an outlet pipe at the bottom of the gauge."", ""After releasing its contents the bucket returns immediately to its former position, and provision has been made for the accumulation of the rain during the second or so in which the bucket is inverted, so that none is lost.""], ""other"": [""Inv. 1921-263""]}","{""object_names"": [""Standard Recording Rain Gauge""], ""makers"": [""C. F. Casella & Co.""], ""materials"": [], ""dates"": [""1901-1910""], ""places"": [], ""descriptions"": [""Meteorology gauge; gauge""], ""other"": []}"
181,13,8,1,1,1,1,2,0,1,1,0,0,7,3,1,2,"{""object_names"": [""HALLIWELL\u2019S RECORDING RAIN-GAUGE""], ""makers"": [""Messrs. Negretti and Zambra""], ""materials"": [""8-in. copper receiver"", ""metal plate""], ""dates"": [""1922""], ""places"": [], ""descriptions"": [""funnel of which conveys the rain into a cylindrical vessel containing a float"", ""Attached to this float is a vertical rod carrying a pen which, rising with the water in the receiver, records on a revolving drum the rate of rainfall."", ""By the action of a metal plate attached to the vertical rod the pen is made to fall when it reaches the top of the paper and is thus brought into position for a continuation of the record."", ""This work is effected by the pressure of the metal plate on a lever and the consequent bringing into position of a siphon-tube to empty the cylinder containing the rain."", ""By a rise of the float in the vessel into which the water drawn off by its action is emptied the siphon is brought back to its original position."", ""paper on the drum is ruled for each 0\u00b702 of an inch of rainfall, and the graduations range from 0\u00b700 to 1\u00b700."", ""driving clock is contained within the drum and is so arranged that two-hourly records may be taken for a week""], ""other"": [""Inv. 1908-191""]}","{""object_names"": [""Halliwell Pattern Recording Rain Gauge""], ""makers"": [""Negretti and Zambra (maker)"", ""Halliwell (designer)""], ""materials"": [], ""dates"": [""1901""], ""places"": [], ""descriptions"": [""sectioned"", ""Meteorology rain gauge; rain gauge""], ""other"": [""Halliwell pattern recording rain gauge by Negretti and Zambra, 1901""]}"
182,14,10,1,1,1,2,0,0,3,1,0,0,7,3,2,3,"{""object_names"": [], ""makers"": [""The Meteorological Office""], ""materials"": [], ""dates"": [""1922"", ""1908 (patent)"", ""1908 (invention)""], ""places"": [], ""descriptions"": [""instrument which was patented by Mr. F. L. Halliwell in 1908, was designed to produce a continuous record of rainfall duration, and depends on the use of a siphon which is started by hand instead of automatically"", ""The rain falling into the funnel passes down the central tube into a chamber below the base plate."", ""As the collected water rises in the chamber it lifts a float, to which is attached a vertical spindle provided with projecting studs, which engage with a plate attached to the pen lever."", ""When the spindle has risen, an amount equivalent to 0.5 in. of rainfall, the pen arm disengages from the stud on which it was resting and falls until it is held by the next lower stud, so that at every half-inch of rainfall the pen returns to zero on the chart and begins its upward curve again."", ""The pen rises and falls while the rain is being collected until the container holds a maximum of about 4.5 inches."", ""When about an inch or more of rain has collected in the chamber, it may be removed, very easily and conveniently, by lifting the pen arm and swinging it clear of the vertical spindle, which is raised about 2 in. and pressed down sharply, thus forcing water over the head of the siphon and putting it into action."", ""Mr. F. L. Halliwell""], ""other"": [""Patent Spec. 27,174, 1908"", ""Inv. 1921-76""]}","{""object_names"": [], ""makers"": [""Negretti and Zambra""], ""materials"": [], ""dates"": [], ""places"": [], ""descriptions"": [""Meteorology rain gauge; rain gauge""], ""other"": [""maker"", ""designer""]}"
183,11,10,1,1,1,1,1,0,1,1,0,4,6,2,1,1,"{""object_names"": [], ""makers"": [], ""materials"": [""tilting bucket""], ""dates"": [], ""places"": [], ""descriptions"": [""designed to furnish a continuous record of the rainfall"", ""The rain entering the 8-in. funnel is led into one of the buckets, which tips over when 0.01 in. of rain has fallen, and the water is deflected into the other bucket."", ""This motion is transmitted to a ratchet which by means of a cam, gradually raises the pen until 1 in. of rain has fallen."", ""When this position is reached the pen returns to zero."", ""The chart is graduated to read 0.05 in. and under normal conditions makes a complete revolution in one week, but if a more open scale is required a different drum may be fitted which revolves once in 24 hours or once in 3.5 days.""], ""other"": [""Inv. 1921-322""]}","{""object_names"": [], ""makers"": [], ""materials"": [], ""dates"": [], ""places"": [""London"", ""Greater London"", ""England"", ""United Kingdom""], ""descriptions"": [""Meteorology recording rain gauge"", ""recording rain gauge 1897""], ""other"": []}"
184,15,8,2,2,2,1,2,0,1,1,0,0,6,2,2,2,"{""object_names"": [""EVAPORATION AND RAIN-GAUGES""], ""makers"": [""G. J. Symons, Esq., F.R.S."", ""Dr. Dalton, F.R.S.""], ""materials"": [""circular copper vessels""], ""dates"": [""1922""], ""places"": [], ""descriptions"": [""used for nearly half a century"", ""circular copper vessels of 10 in. diam."", ""by means of funnels deliver the rain into receivers set under the stand on which they are placed"", ""evaporation-gauge differs from that for rain in having within it an upright 0.5 in. tube, 4.5 in. in length, connected with the funnel tube"", ""In use, this gauge is filled to the level of the top of this tube and placed at about 1 foot from the rain-gauge, both being set 3.5 in. above ground"", ""With dry weather evaporation causes the water to sink below the level of the top of the tube, and this loss has to be replaced before any water can pass into the receiver"", ""If after a fall of rain a measure be taken of the contents of the receivers of both gauges, the difference will give the amount of water evaporated from the surface of the evaporation-gauge during the dry days.""], ""other"": [""Inv. 1893-130"", ""Symons\u2019s \u201cBritish Rainfall,\u201d 1869 and 1870.""]}","{""object_names"": [""Watson rain gauge and evaporimeter""], ""makers"": [""Watson""], ""materials"": [], ""dates"": [""c. 1845""], ""places"": [], ""descriptions"": [""Meteorology rain-gauge; evaporimeter; rain-gauge; evaporimeter""], ""other"": [""1845""]}"
185,11,10,1,2,1,1,2,2,1,1,1,0,4,2,1,2,"{""object_names"": [""ATMOMETER OR EVAPORIMETER""], ""makers"": [], ""materials"": [""perforated zinc plate"", ""vertical graduated tube""], ""dates"": [""1922""], ""places"": [""Emden""], ""descriptions"": [""designed by Professor Prestel, Emden, for determining the quantity of water evaporating from the surface of water as well as from different kinds of soil"", ""consists of a shallow dish, 15 in. diam., containing a perforated zinc plate, and fitted with a vertical graduated tube"", ""The tube is entirely filled with water, after which it is inverted, and placed in position at the edge of the dish"", ""The tube serves as a reservoir, from which any evaporated liquid is replaced, the variation in the head of water serving to determine the amount of evaporation which has occurred""], ""other"": [""Inv. 1876-754""]}","{""object_names"": [""Atmometer or Evaporimeter""], ""makers"": [""M A F Prestel""], ""materials"": [""Shallow zinc 15-inch dish"", ""zinc perforated plate""], ""dates"": [""1863""], ""places"": [], ""descriptions"": [""Upright graduated tube fixed to the side of the dish"", ""Meteorology evaporimeter""], ""other"": [""evaporimeter"", ""1863""]}"
186,9,13,1,1,2,1,0,1,1,2,1,1,3,4,1,3,"{""object_names"": [""REGISTERING EVAPORIMETER""], ""makers"": [""Prof. D. Ragona""], ""materials"": [], ""dates"": [""1922""], ""places"": [""University of Modena""], ""descriptions"": [""instrument was designed by Prof. Ragona, of the University of Modena, for recording the evaporation taking place from the surface of water."", ""The dish containing water is supported on a balance arm which is maintained horizontal by a counterweight."", ""Decrease in weight due to evaporation causes the dish to rise carrying with it a pen which records the motion on a chart rotated by clockwork.""], ""other"": [""Inv. 1876-731""]}","{""object_names"": [""registering evaporimeter""], ""makers"": [""Prof. [Domenico] Ragona""], ""materials"": [""B & w photograph""], ""dates"": [""ca.1876"", ""24 Feb 1876""], ""places"": [""Osservatorio della Regia Universita di Modena""], ""descriptions"": [""according to the last plan adopted by the inventor, Prof. [Domenico] Ragona"", ""Italian ms. description"", ""3p. on 1 leaf"", ""The items were given to the 1876 Special Loan Exhibition of Scientific Apparatus at the South Kensington Museum""], ""other"": [""Archive photograph"", ""photograph circa 1876""]}"
187,9,9,1,1,1,2,2,0,0,1,0,2,4,1,1,2,"{""object_names"": [""PICKERING'S EVAPORIMETER""], ""makers"": [""L. Casella, Esq.""], ""materials"": [""blotting paper"", ""copper cylinder""], ""dates"": [], ""places"": [], ""descriptions"": [""designed for measuring evaporation under atmospheric conditions from a surface"", ""The surface from which evaporation takes place is a piece of blotting paper 100 mm. long by 50 mm. wide, which is set in a frame above a small copper cylinder containing water."", ""To keep this paper moist there is connected with it a narrow strip of the same material, which dips into the water."", ""The amount of evaporation is read from a glass gauge at the side of the cylinder, which is graduated to express directly by a number of cubic centimetres or cubic inches the evaporation from each square centimetre or square inch of surface.""], ""other"": [""Inv. 1896-66""]}","{""object_names"": [""Pickering standard evaporimeter""], ""makers"": [""L.Casella"", ""Pickering, Spencer P., M.A., F.R.S.""], ""materials"": [], ""dates"": [""1872-1896""], ""places"": [""London, England"", ""United Kingdom""], ""descriptions"": [""standard""], ""other"": [""Meteorology"", ""pickering evaporimeter""]}"
188,13,16,1,3,1,1,4,2,1,1,0,3,5,4,1,2,"{""object_names"": [""PICHE EVAPORIMETER""], ""makers"": [""Messrs. Negretti and Zambra""], ""materials"": [""glass"", ""porous paper"", ""metal clip"", ""water""], ""dates"": [""about 1890""], ""places"": [], ""descriptions"": [""designed about 1890, in order to indicate, in a simple and convenient manner, the amount of evaporation at any place"", ""consists of a graduated cylindrical tube of glass, 8 in. long and closed at one end"", ""The other end is ground flat and covered by a disc of porous paper about three times the diameter of the tube"", ""This is kept in position by a metal clip, provided with a disc of the same diameter as the tube"", ""The instrument is filled with water and hung vertically with the closed end upwards, so that as the water evaporates from the wet paper, small bubbles of air rise in succession to the upper portion of the tube, and the amount evaporated is indicated on the scale of cubic centimetres graduated on the tube""], ""other"": [""Inv. 1921-590""]}","{""object_names"": [""Piche type evaporimeter"", ""evaporimeter - piche type""], ""makers"": [""Negretti & Zambra""], ""materials"": [""case"", ""rough filter papers""], ""dates"": [""1890""], ""places"": [""122 Regent Streer, London, England"", ""Regent Street, City of Westminster, London, England, United Kingdom""], ""descriptions"": [""with case"", ""with box containing rough filter papers"", ""Meteorology evaporimeter"", ""piche type""], ""other"": [""British"", ""box""]}"
189,12,11,2,1,2,2,0,0,1,1,0,3,6,1,1,3,"{""object_names"": [""EVAPORATION GAUGE""], ""makers"": [""W. H. Dines, Esq., F.R.S.""], ""materials"": [], ""dates"": [], ""places"": [], ""descriptions"": [""Instrument designed and used by Mr. G. Dines for measuring evaporation."", ""Cylindrical vessel placed in a large tank of water to maintain temperature."", ""Cylinder edge set about half an inch above the surface."", ""Rectangular graduated vessel connected by a pipe registers water level."", ""Graduations represent a depth of 0.1 in. of water, but a depth of 0.01 in. can be measured."", ""Overflow pipe provided for rain, leading into the measuring glass of a rain gauge.""], ""other"": [""Inv. 1893-163.""]}","{""object_names"": [""Dines evaporimeter""], ""makers"": [""L. Casella""], ""materials"": [], ""dates"": [], ""places"": [""London, England"", ""London, Greater London, England, United Kingdom""], ""descriptions"": [""Meteorology evaporimeter""], ""other"": [""1871-1875"", ""evaporimeter"", ""evaporimeter""]}"
190,11,26,1,1,1,1,0,5,3,4,2,5,2,7,2,3,"{""object_names"": [""SKY SKETCHES""], ""makers"": [""W. Ascroft""], ""materials"": [], ""dates"": [""September, 1883"", ""September, 1886""], ""places"": [""Java Straits""], ""descriptions"": [""a series of 533"", ""in 72 frames""], ""other"": [""Inv. 1888-156"", ""Metrology Catalogue 1922 Entry""]}","{""object_names"": [""Sky sketches""], ""makers"": [""William Ascroft"", ""Ascroft, William""], ""materials"": [""pastel"", ""coloured, with charcoal and chalk white"", ""buff brown or grey Rowney paper"", ""various sizes, 16x28cm or smaller"", ""72 conservation mounts""], ""dates"": [""September 1883 to September 1886"", ""August 27th, 1883"", ""1883-1886"", ""1883 Sept. 8"", ""1886 Sept. 13"", ""1884 Oct. 4"", ""1883 Nov. 9"", ""1884-1886"", ""1888""], ""places"": [""London"", ""South Kensington Museum"", ""Chelsea London"", ""Greater London, England, United Kingdom""], ""descriptions"": [""illustrating optical phenomena attributed to the eruption at Krakatoa"", ""Collection selected, inscribed and arranged by the artist William Ascroft (1832-1914) for exhibition at South Kensington Museum 1888"", ""Title from his published catalogue, printed by Eyre and Spottiswoode for the South Kensington Museum 1888"", ""Observations from his home in Chelsea London"", ""left unfinished, and with but few exceptions were done directly from nature"", ""Sequences grouped, in given times, including: afterglows; bishop's ring; eclipse of Moon, 1884 Oct. 4; noctilucent clouds; first significant afterglow, 1883 Nov. 9"", ""Selections exhibited, Royal Society Conversazione, 1884-1886; a further six works not in this collection were used as frontispieces for the Royal Society's report on Krakatoa 1888"", ""Art drawing; drawing""], ""other"": [""inv. 1982-686"", ""Science Museum Group Collections Online Entry""]}"
191,9,8,1,1,1,1,0,0,2,1,0,1,4,2,1,2,"{""object_names"": [""GODDARD'S CLOUD MIRROR""], ""makers"": [""J. T. Goddard, Esq.""], ""materials"": [], ""dates"": [""1851"", ""1862 (exhibition date)""], ""places"": [], ""descriptions"": [""The original mirror was devised in 1851 and exhibited at the Great Exhibition of that year."", ""The example here shown was designed and exhibited in 1862, its purpose being to ascertain the direction of motion of clouds."", ""In making observations, the mirror is laid horizontally near a window and set so that the point marked North is directed to the South point of the horizon; the several points will then be reversed."", ""The reflection of the edge of a conspicuous cloud is brought to the centre of the mirror and the point of the compass noted where it passes off the edge. This indicates the direction from which the clouds are approaching.""], ""other"": [""Inv. 1863-1""]}","{""object_names"": [""Cloud mirror, nephoscope""], ""makers"": [""James T. Goddard"", ""Unknown maker""], ""materials"": [], ""dates"": [""1862 (object creation date)""], ""places"": [""Whitton, Richmond upon Thames, Greater London, England, United Kingdom""], ""descriptions"": [""Used for observing cloud direction."", ""Meteorology nephoscope""], ""other"": [""nephoscope 1862"", ""unsigned""]}"
192,13,8,1,1,1,2,2,0,1,1,0,1,5,1,3,2,"{""object_names"": [], ""makers"": [], ""materials"": [""disc of black glass"", ""tripod stand""], ""dates"": [""End of the last century""], ""places"": [], ""descriptions"": [""modification of Fineman\u2019s earlier model"", ""representative of modern reflecting nephoscopes"", ""consists of a disc of black glass mounted on a tripod stand which allows of accurate levelling"", ""vertical pointer, which can be raised or lowered by a rack and pinion motion, is attached to the circumference of the disc in such a manner that it can be rotated about the disc"", ""scale of millimetres engraved on the edge of the pointer gives the height of its tip above the glass surface, and on the glass surface three concentric circles are marked, the radii being in arithmetical progression""], ""other"": [""Inv. 1921-78"", ""S.M. 1433, L.S""]}","{""object_names"": [""Mark I Fineman nephoscope""], ""makers"": [""F. Barker & Son"", ""Fineman, C. G.""], ""materials"": [], ""dates"": [""1881-1890"", ""1891-1890""], ""places"": [""London""], ""descriptions"": [""Meteorology nephoscopes; nephoscopes""], ""other"": [""Mark I"", ""nephoscopes""]}"
193,15,12,1,1,2,2,3,1,1,1,1,1,4,2,3,4,"{""object_names"": [], ""makers"": [""C. G. Fineman"", ""J. L. Rose""], ""materials"": [""black-glass mirror"", ""brass box"", ""compass needle""], ""dates"": [""1922""], ""places"": [""Upsala""], ""descriptions"": [""Designed by C. G. Fineman, and made by J. L. Rose at Upsala."", ""This instrument, for observing the direction and velocity of clouds, was designed by C. G. Fineman, and made by J. L. Rose at Upsala."", ""It is an improvement on Fornioni's nephoscope and consists of a circular black-glass mirror of $2\frac{1}{3}$ in. diameter, on which are marked radial lines in the direction of the principal points of the compass, a dot to indicate the centre of the mirror and two concentric circles set at a distance of 26 mm. from each other."", ""This mirror forms the cover of a shallow brass box, in which is pivoted a compass needle whose point can be seen through a semicircular hole at the N point graduation of the mirror. This arrangement of the compass needle permits of correct orientation of the instrument.""], ""other"": [""Lent by The Royal Meteorological Society"", ""Inv. 1908-194"", ""S.M. 1436, L.S.""]}","{""object_names"": [], ""makers"": [""C. G. Fineman"", ""J. L. Rose""], ""materials"": [""Case forms base for instrument.""], ""dates"": [""1886""], ""places"": [""Uppsala, Sweden""], ""descriptions"": [""designed by C. G. Fineman, made by J. L. Rose, Uppsala, Sweden, 1886."", ""Meteorology nephoscope; nephoscope 1886 Uppsala, Sweden Rose, J. L.; Fineman, C. G.""], ""other"": [""Traveller's pocket nephoscope"", ""1886"", ""Uppsala, Sweden"", ""Rose, J. L.; Fineman, C. G.""]}"
194,12,6,1,1,0,1,0,0,1,1,0,0,7,3,3,0,"{""object_names"": [], ""makers"": [], ""materials"": [], ""dates"": [""1922""], ""places"": [], ""descriptions"": [""direct vision type"", ""designed to facilitate the rapid determination of the direction of motion and velocity of clouds"", ""The rod may be turned by an observer standing at some distance away from it by means of two cords tied to a shorter cross-piece attached to its lower extremity"", ""The velocity-height ratio may be determined by noting the time taken for the cloud to pass from spike to spike"", ""a be the distance between the spikes, v the distance from the upper cross-piece to the marked point on the rod, which has been adjusted to the level of the observer's eye, and t the observed time we have Velocity-height ratio = a / bt"", ""In order that a constant difference of level may be maintained between the cross-piece and the observer's eye, the instrument should be erected on a level site"", ""Lent by The Meteorological Office""], ""other"": [""Inv. 1921-79"", ""S.M. 1435"", ""L.S""]}","{""object_names"": [], ""makers"": [""Besson""], ""materials"": [], ""dates"": [""1897""], ""places"": [], ""descriptions"": [""Meteorology nephoscope"", ""nephoscope""], ""other"": []}"
195,16,9,2,3,3,2,2,1,2,1,0,0,6,2,1,0,"{""object_names"": [""DARWIN-HILL POSITION FINDER"", ""stereometer""], ""makers"": [""The Ministry of Munitions"", ""Sir Horace Darwin, F.R.S."", ""A. V. Hill, Esq., F.R.S.""], ""materials"": [""plate glass"", ""silvered and ruled into centimetre squares""], ""dates"": [""1916"", ""1919-269""], ""places"": [], ""descriptions"": [""primarily used for Anti-aircraft research"", ""enables the position of a body in space to be determined"", ""employed in the observation of clouds"", ""determining the velocity and direction of wind at different altitudes"", ""re-calculating various artillery trajectories by the observation of shell bursts"", ""complete equipment comprises two instruments placed at the extremities of a measured base, and adjusted so as to be in correct alignment"", ""Each instrument consists of a specially selected sheet of plate glass, 2 ft. 4 in. square, the lower surface of which is silvered and ruled into centimetre squares"", ""Two vertical sighting wires are provided to enable the two mirrors after having been levelled to be adjusted, so that the lines of both station instruments are parallel to each other and to the line joining the two stations"", ""The eyepiece, which is carried at a known distance above the mirror on a tripod support, is adjusted vertically over one end of the base line ruling, so that its image in the mirror coincides with this point"", ""The object is observed in the mirror by means of this eyepiece, and the position of the image on the mirror followed by a metal pointer"", ""On the receipt of a pre-determined signal, its position is noted, which, together with a simultaneous observation with the second mirror, enables the position of the object in space to be determined"", ""Two eyepieces are provided at different heights from the mirror, thereby increasing the range of the instrument""], ""other"": [""Inv. 1919-269""]}","{""object_names"": [""Mirror"", ""Meteorology balloon tracking mirror"", ""balloon tracking mirror""], ""makers"": [""Darwin, Sir Horace"", ""Hill, A. V., Major""], ""materials"": [""2'4\"" square""], ""dates"": [""1916""], ""places"": [], ""descriptions"": [""used to track balloons""], ""other"": []}"
196,16,10,2,2,1,2,0,0,2,1,0,3,10,2,1,0,"{""object_names"": [""DARWIN GIMBAL MIRROR""], ""makers"": [""The Ministry of Munitions""], ""materials"": [], ""dates"": [""1922""], ""places"": [], ""descriptions"": [""Embodied the Bennett-Pleydell \u201croof\u201d principle"", ""Altitude can be ascertained by measuring the inclination of two planes capable of rotation about horizontal and parallel axes, situated at the ends of a known base."", ""Complete installation comprises two identical instruments known as the \u201cFar Station\u201d and the \u201cPlotter Station,\u201d and situated a known distance apart."", ""Each instrument consists of a stationary horizontal mirror across the centre of which are drawn two fine lines at right angles to each other"", ""Sights being provided to enable the instruments to be correctly lined up with their axes parallel."", ""Object is observed in the mirror through an eye-piece carried by a long arm having freedom of motion about two horizontal axes."", ""By moving this arm the image is kept on the centre line of the mirror and the inclination of the arm can be read off on a graduated scale over which passes a pointer carried by the arm mounting."", ""This reading, when combined with that of the distant station, enables the altitude of the object under observation to be ascertained."", ""With this instrument, it is impossible to see objects overhead"", ""In addition it is only with great care that an accuracy of 0.1\u00b0 can be attained.""], ""other"": [""Inv. 1919-270""]}","{""object_names"": [""Pair of Darwin gimbal mirrors""], ""makers"": [""Cambridge Scientific Co."", ""Cambridge Scientific Instrument Company Limited""], ""materials"": [], ""dates"": [], ""places"": [""Cambridge, England, United Kingdom""], ""descriptions"": [""Used to track balloons"", ""Meteorology mirrors; mirrors""], ""other"": []}"
197,12,5,1,1,2,2,0,0,2,1,0,0,6,1,1,0,"{""object_names"": [""MASON'S TILTING MIRROR""], ""makers"": [""The Ministry of Munitions""], ""materials"": [], ""dates"": [""1916"", ""1919-271""], ""places"": [], ""descriptions"": [""improvement on the Darwin Gimbal Mirror"", ""to enable an observer to see directly overhead"", ""embodies the Bennett-Pleydell \u201croof\u201d principle"", ""two instruments comprise a complete equipment, the \u201cFar Station\u201d and \u201cPlotter Station,\u201d being identical"", ""plane mirror tilting about a horizontal axis which is perpendicular to the line joining the stations"", ""image of the object under observation is observed in this mirror by a \u201cPlotter\u201d which is carried on an arm free to rotate in a horizontal plane about a vertical axis through the centre of the instrument"", ""\u201cPlotter\u201d is an eye-piece provided with two horizontal and parallel cross-wires between which the image is brought by suitably tilting the mirror with the aid of milled heads"", ""Continual adjustment of the mirror by the observer enables the image to be kept in position mid-way between the cross-wires"", ""inclination of the object is given by a graduated arc on the left of the instrument and a graduated disc in the rear"", ""enables the angle to be read to 0.1\u00b0 and estimated to 0.01\u00b0"", ""possible, while looking horizontally, to observe directly overhead and also backward"", ""provision of a telescope enables the object to be picked up at a greater distance than with other instruments""], ""other"": [""Inv. 1919-271""]}","{""object_names"": [""Mason tilting mirror""], ""makers"": [""Cambridge Scientific Instrument Co.""], ""materials"": [], ""dates"": [""1916""], ""places"": [], ""descriptions"": [""Meteorology tilting mirror""], ""other"": []}"
198,23,8,1,1,2,1,3,0,1,1,4,1,9,2,3,2,"{""object_names"": [], ""makers"": [""The Meteorological Office""], ""materials"": [""copper"", ""silver"", ""German silver"", ""invar steel rod""], ""dates"": [""1922""], ""places"": [""United Kingdom"", ""Canada"", ""Australia"", ""India""], ""descriptions"": [""This instrument, which was devised by Mr. W. H. Dines, F.R.S., for use with registering balloons (*ballons-sondes*), produces a record of air pressure and temperature from which the altitude can be computed."", ""It has been adopted by the Meteorological Offices of the United Kingdom, Canada and Australia, and, with some modifications, by that of India."", ""The meteorograph consists essentially of a small aneroid box mounted in a light frame, one side of the frame carrying a small thin plate on which the record is made, and the other side the recording pens."", ""The plate is electro-plated with copper, and then silver, thereby producing a surface which is free from scratches, and which is not susceptible to corrosion."", ""The thermograph depends for its action on the relative contraction of a strip of thin German silver as compared with the invar steel rod on which it is supported."", ""This motion is multiplied by a lever mounted across the ends of the strips, and communicated to a scratching point, which writes upon the metal record."", ""To facilitate measurement, a second pointer is attached to the invar rod."", ""The fall of pressure is determined by the expansion of an aneroid box, which moves the recording point over the metal record in a direction at right angles to that given by change of temperature."", ""During the descent of the instrument, the points are lifted clear of the plate by an automatic arrangement at a point where the pressure is about 0.95 mgd. per sq. cm. (28 in. of mercury)."", ""In this way, the last 500 m. of the descent is lost, but a record is obtained which is free from blur."", ""The instrument is protected by a bright metal case, and is well ventilated, so as to eliminate the effect of solar radiation."", ""Before the ascent, the meteorograph is calibrated by causing the pen to make marks upon the metal record corresponding with known temperatures and pressures, over the range required."", ""After an ascent has been made, the plate is placed upon the micrometer stage of a special microscope, and corresponding values of temperature and pressure experienced during the ascent can be determined by comparing the record with the calibration marks."", ""To obtain the values of height and temperature, the following equation is employed :""], ""other"": [""Lent by"", ""Inv. 1919-518, S.M. 1426, L.S.""]}","{""object_names"": [], ""makers"": [""Dines, William Henry""], ""materials"": [], ""dates"": [], ""places"": [""Unknown place""], ""descriptions"": [""unsigned"", ""With label (not seen) offering reward to finder.""], ""other"": [""Meteorology meteorograph; meteorograph""]}"
199,15,5,1,1,1,1,1,0,1,1,1,1,7,1,3,0,"{""object_names"": [""barothermo-hygrograph""], ""makers"": [""Richard""], ""materials"": [""Bourdin thermometer tube"", ""hair"", ""aneroid boxes""], ""dates"": [""1922""], ""places"": [""Paris""], ""descriptions"": [""designed by Richard for use in balloons, to give a continuous record of temperature, humidity and altitude"", ""consists of a vertical drum, uniformly rotated by clockwork, upon which is mounted the chart"", ""the upper record is the thermogram"", ""the pen of which is operated by a Bourdin thermometer tube situated beneath the base of the instrument and connected to the pen by a long lever"", ""The hygrogram, which indicates the atmospheric humidity, is recorded by a pen actuated by the expansion or contraction of a length of hair"", ""On the lower record the altitude is recorded in feet, the scale ranging from sea-level to 70,000 ft"", ""A measure of the barometric pressure is provided by a set of three aneroid boxes, the expansion or contraction of which is communicated through a system of levers to the lower pen""], ""other"": [""Lent by Capt. C. J. P. Cave"", ""Inv. 1920-663"", ""S.M. 1428, L.S""]}","{""object_names"": [], ""makers"": [""Richard Fr\u00e8res""], ""materials"": [], ""dates"": [""1886-1903""], ""places"": [""France""], ""descriptions"": [""portable weatherstation""], ""other"": [""Meteorology"", ""meteorograph""]}"
200,12,11,1,3,1,1,0,0,1,1,0,4,6,2,3,0,"{""object_names"": [""BALLOON THEODOLITE, MARK B""], ""makers"": [""Watts & Son""], ""materials"": [], ""dates"": [""1922""], ""places"": [], ""descriptions"": [""This instrument is specially designed for measuring the azimuth and altitude of a pilot balloon at frequent intervals during the ascent."", ""It differs considerably from the surveying theodolite, although constructed on the same general principle."", ""The telescope tube is in two parts, which are at right angles to one another, a prism being placed at the right angle to deflect the rays of light from the object-glass towards the eyepiece."", ""The tube in which the eyepiece is mounted lies in a horizontal plane, and rotates about the vertical axis of the instrument so that, at all altitudes of the balloon, the observer is always looking in a horizontal direction."", ""As the balloon ascent may continue for half an hour, such an arrangement eliminates the discomfort that would otherwise ensue with a straight telescope tube when the observed angular altitudes were considerable."", ""The telescope is set at infinity focus, for after the first half-minute the distance of the balloon from the observer is such that a fixed focus instrument is practicable."", ""If only one theodolite is employed, the path of the balloon can only be determined when its rate of ascent is known; but if two theodolites are employed, preferably separated by a base line of considerable length, the available readings suffice to fix the position of the balloon in space at any observation, and hence to lay down its path.""], ""other"": [""Lent by The Meteorological Office"", ""Inv. 1919-508"", ""S.M. 1427, L.S""]}","{""object_names"": [""Met Office Mk B type balloon theodolite"", ""Balloon theodolite"", ""Meteorology theodolite""], ""makers"": [""E. R. Watts & Son, London""], ""materials"": [], ""dates"": [""1919""], ""places"": [""London"", ""Greater London"", ""England"", ""United Kingdom""], ""descriptions"": [""Used by the Meteorological Office."", ""theodolite""], ""other"": []}"
201,9,6,1,2,1,1,1,0,1,1,0,0,4,2,1,0,"{""object_names"": [], ""makers"": [], ""materials"": [""Bourdon thermometer tube""], ""dates"": [], ""places"": [], ""descriptions"": [""designed for obtaining temperatures from a pilot balloon ascent when it is not expected to recover the balloon"", ""fitted with a lever, which at different temperatures makes a contact with a series of studs"", ""Each of these studs is electrically connected to a firework suspended below the balloon, so that the corresponding firework can thus be exploded when the balloon reaches a layer of the atmosphere at some definite temperature"", ""The balloon is observed with theodolites, and the height is determined trigonometrically each time a firework is seen to explode""], ""other"": [""Inv. 1920-720""]}","{""object_names"": [""balloon thermometer"", ""meteorology balloon thermometer""], ""makers"": [""Dr. R Assmann""], ""materials"": [], ""dates"": [], ""places"": [], ""descriptions"": [""for use when there is little chance of the balloon being recovered after launch""], ""other"": []}"
202,12,7,1,2,1,1,4,0,1,0,0,0,4,2,1,2,"{""object_names"": [""AIR-COLLECTING APPARATUS""], ""makers"": [""Capt. C. J. P. Cave""], ""materials"": [""Bourdon barometer tube"", ""metal stud"", ""glass tube"", ""platinum wire""], ""dates"": [""1922""], ""places"": [], ""descriptions"": [""designed by Teisserenc de Bort for collecting a sample of air at some definite height during the ascent of an unmanned balloon"", ""instrument consists essentially of a Bourdon barometer tube, to which is connected a lever which makes contact with a metal stud when the balloon has ascended to a certain height"", ""A small weight is released electrically and drops on to the finely drawn-out end of a sealed and exhausted glass tube, into which air is thus admitted"", ""As the balloon ascends further, the barometer lever makes contact with another stud, and this causes a current to pass round a coil of platinum wire which is wound round the neck of the glass tube. The heat thus generated enables the neck of the tube to be sealed, enclosing a sample of air.""], ""other"": [""Inv. 1920-719""]}","{""object_names"": [""Teisserenc de Bort air-collecting apparatus""], ""makers"": [], ""materials"": [], ""dates"": [], ""places"": [], ""descriptions"": [""Meteorology air-collecting apparatus"", ""air-collecting apparatus Bort, Teisserenc de""], ""other"": [""Teisserenc de Bort air-collecting apparatus"", ""Teisserenc de Bort air-collecting apparatus""]}"
203,18,7,1,1,2,1,3,0,1,1,1,0,8,2,2,2,"{""object_names"": [], ""makers"": [""W. H. Dines, F.R.S."", ""W. N. Shaw, Sc.D., F.R.S.""], ""materials"": [""metal plates"", ""German silver"", ""invar steel bar"", ""aluminium cylinder""], ""dates"": [], ""places"": [""The Meteorological Office"", ""The Region of the British Isles""], ""descriptions"": [""designed by W. H. Dines, F.R.S., for recording on metal plates the temperature and pressure in the free air up to a height of 70,000 feet"", ""The pressure apparatus is an aneroid box, to the centre of which is fixed an upright plate connected with the side of the frame supporting the two writing points"", ""The aneroid itself is attached at the back to the arm of the frame which carries the recording plate"", ""The two arms are joined together by a spring which allows them to open out or close in as pressure decreases or increases"", ""By this movement of pen and plate a record of pressure is scratched upon the latter in accordance with the altitude to which the instrument is carried by the balloon"", ""The temperature apparatus consists of a thin strip of German silver, 5 in. long, which, connected with an invar steel bar, causes by its contraction a pen to move across the plate and by the position of the line scratched by it relative to the datum line the temperature can be ascertained"", ""The frame with the instruments is supported in a light aluminium cylinder some 8 3/4 in. long by 3 in. diameter which is carried up by a toy balloon"", ""A small parachute was attached to the enclosing cylinder with the view of lessening the chance of damage to the instrument on its falling, but this has now been found unnecessary"", ""A card is attached to the apparatus, offering a reward to the finder of it if returned to the Meteorological Office""], ""other"": [""Lent by The Meteorological Office"", ""Inv. 1908-89""]}","{""object_names"": [], ""makers"": [""Dines, William Henry""], ""materials"": [], ""dates"": [], ""places"": [], ""descriptions"": [""with 2 Records"", ""Meteorology meteorograph""], ""other"": [""2006"", ""meteorograph 1906""]}"
204,14,7,1,2,1,1,2,0,2,1,2,0,5,2,1,1,"{""object_names"": [], ""makers"": [], ""materials"": [""copper"", ""silver""], ""dates"": [""27th July, 1908"", ""29th July, 1908""], ""places"": [""Crinan, N.B."", ""Limerick""], ""descriptions"": [""records, which were obtained"", ""plates about 1 in. by 1 1/4 in."", ""in order to produce a surface free from scratches and not liable to corrosion even by sea-water"", ""By careful calibration of the instruments by which the records are made, the height of the stratosphere and of ascent, also the temperatures at the lower limit of the stratosphere and at the maximum height, can be obtained.""], ""other"": [""Inv. 1908-89""]}","{""object_names"": [""Balloon meteorograph"", ""meteorograph""], ""makers"": [""Dines, William Henry""], ""materials"": [], ""dates"": [""1906""], ""places"": [], ""descriptions"": [""with 2 Records"", ""Meteorology meteorograph""], ""other"": []}"
205,12,7,1,1,1,1,3,0,1,1,1,0,4,1,1,3,"{""object_names"": [], ""makers"": [""Capt. C. J. P. Cave""], ""materials"": [""hair"", ""brass and steel"", ""Bourdon barometer tube""], ""dates"": [""1922""], ""places"": [""Observatoire de Trappes""], ""descriptions"": [""to record humidity, temperature and pressure in the upper air simultaneously"", ""record is made by three pens which register upon a cylindrical drum revolved by clockwork"", ""upper pen, which records the humidity, is actuated by the expansion or contraction of a length of hair, the motion being magnified considerably by a lever"", ""middle pen records the temperature and is controlled by a bi-metallic thermometer which consists of a compound strip of brass and steel, the curvature of which varies with temperature"", ""Bourdon barometer tube serves to operate the lower pen, which records the barometric pressure""], ""other"": [""METEOROGRAPH FOR BALLONS-SONDES"", ""Inv. 1920-718""]}","{""object_names"": [], ""makers"": [], ""materials"": [], ""dates"": [""c. 1909""], ""places"": [], ""descriptions"": [""for balloon and kite""], ""other"": [""Teisserenc de Bort meteorograph"", ""Meteorology"", ""meteorograph 1909""]}"
206,25,8,1,2,1,1,6,0,2,1,0,0,12,2,3,2,"{""object_names"": [""KITE METEOROGRAPH""], ""makers"": [""Mr. W. H. Dines, F.R.S."", ""The Meteorological Office""], ""materials"": [""thin wood"", ""brass"", ""hair"", ""aneroid box"", ""alcohol"", ""thin copper tube""], ""dates"": [""1922""], ""places"": [], ""descriptions"": [""instrument, designed by Mr. W. H. Dines, F.R.S., for use with kites"", ""furnishes a record of pressure, temperature and humidity in the free air up to 10,000 ft"", ""A circular chart of 12 in. diam. is carried on a flat piece of thin wood"", ""turns uniformly on a stout brass pin"", ""The record is made by three pens, which from left to right indicate humidity, pressure and temperature, respectively"", ""The hygrograph, which measures the humidity, is actuated by the expansion and contraction of 6 in. of hair"", ""the motion being multiplied eight times by a lever which moves over a scale 5/8 in. in length"", ""The altitude, or more strictly the atmospheric pressure, is shown by the expansion of a single aneroid box of 2.7 in. diam."", ""the motion being multiplied about 30 times by a single lever"", ""The arrangement of the thermograph is similar, the pen being actuated by a small aneroid box in exactly the same manner"", ""In this case, the aneroid box is filled with alcohol, and is in communication with 4.5 ft. of thin copper tube 0.125 in. diam., arranged in the form of a coil under the flat wooden frame"", ""In an improved model of this instrument, and arrangement for recording the velocity of the wind has been added, in which the wind pressure is measured by means of its action on a small celluloid sphere attracted by a thread"", ""The meteorograph is secured in the middle of the kite by four strings, which run from the corners of the instrument to points near the ends of the two long bamboos of the kite""], ""other"": [""Inv. 1919-515"", ""S.M. 1429, L.S.""]}","{""object_names"": [""Dines kite meteorograph"", ""Meteorology meteorograph, kite""], ""makers"": [""Dines, William Henry""], ""materials"": [], ""dates"": [""1904""], ""places"": [], ""descriptions"": [""kite"", ""meteorograph""], ""other"": [""1904""]}"
207,27,7,1,2,1,2,10,0,1,1,1,0,10,0,3,2,"{""object_names"": [], ""makers"": [""The Meteorological Office""], ""materials"": [""light board"", ""circular sheet of paper"", ""small clock"", ""ordinary aneroid box"", ""knife-edge"", ""spring"", ""long spiral of copper tubing"", ""alcohol"", ""bundle of hairs"", ""celluloid ball""], ""dates"": [""1922""], ""places"": [""The Free Atmosphere in the Region of the British Isles""], ""descriptions"": [""designed by W. H. Dines, F.R.S., for recording pressure, temperature and wind-force in the free air up to 10,000 ft."", ""The instruments by which records are taken are attached to a light board, 12 in. by 15 in., which is suspended to a box kite."", ""On the board is also a circular sheet of paper ruled for recording purposes, and a small clock for rotating the paper."", ""The apparatus for air-pressure and wind-force are set on one side of the clock, those for temperature and humidity on the other, and the writing apparatus is carried at the ends of light levers in connection with the four instruments."", ""The pressure instrument consists of an ordinary aneroid box, to the centre of which is fixed a knife-edge which, as pressure is reduced, pushes forward the lever which carries the pen. On any rise of pressure a spring keeps the lever in contact with the knife-edge so that it follows the backward movement of the aneroid case."", ""The temperature instrument is formed of a long spiral of copper tubing which is set at the back of board. This tube opens into a small aneroid box containing alcohol. To the centre of this box is fixed a knife-edge which acts on the recording lever in much the same way as in the air-pressure instrument."", ""The humidity apparatus consists of a bundle of hairs at the back of the board, the elongation and shortening of which move the recording lever in one direction or the other over the dial."", ""For wind-force there is at the back of the instrument an arm to which can be attached a celluloid ball of 3 in. diam. and 100 grns. weight. This ball is hung at the end of 40 ft. of fine sewing-cotton and its movements set in action the writing-lever in connection with the arm."", ""The board of the meteorograph is secured to the middle of the kite by the four cords at its corners, the junction being near the ends of the two long bamboos."", ""See \""The Free Atmosphere in the Region of the British Isles,\"" by W. H. Dines, B.A., F.R.S., and W. N. Shaw, Sc.D., F.R.S.""], ""other"": [""Inv. 1908-80"", ""S.M. 1445"", ""L.S""]}","{""object_names"": [""meteorograph"", ""kite""], ""makers"": [""Dines (maker)""], ""materials"": [], ""dates"": [], ""places"": [], ""descriptions"": [], ""other"": [""Meteorology""]}"
208,19,11,2,1,1,1,6,0,1,1,0,4,7,1,2,3,"{""object_names"": [""MARVIN KITE METEOROGRAPH""], ""makers"": [], ""materials"": [""steel boxes"", ""annular Bourdon tubes"", ""thin steel"", ""alcohol"", ""bundles of hair"", ""polished tube""], ""dates"": [], ""places"": [], ""descriptions"": [""Designed in 1898"", ""Designed by Prof. C. F. Marvin in 1898 to record simultaneously on a chart, variation of wind velocity, humidity, temperature and pressure, and is intended for use on kites, kite balloons or aeroplanes."", ""It is a baro-thermo-hygro-anemograph, the barometer of which is a large double aneroid"", ""The thermometer consists of two"", ""and the hygrometer consists of two"", ""The thermometer tubes and hygrometer hairs are enclosed in a polished tube open at both ends."", ""The anemometer originally used was a small instrument of the Robinson cup pattern, operating through an electro-magnet on a small hammer and recording on the drum in steps. In later patterns the anemometer was replaced by an Assmann anemometer, designed on the Woltmann fly wheel anemometer principle. It consists of an eight-bladed fan fitting into the end of the aspiration tube and operating through a train of cogwheels on the marking pen. The instrument when used with the anemometer is suspended by a wire some distance below the kite to avoid any disturbing effect due to the latter."", ""(See Journal Franklin Inst., Oct., 1899, p. 241, and Brit. Assoc. Report, 1909, p. 80.)""], ""other"": [""Lent by The Meteorological Office"", ""Inv. 1922-7""]}","{""object_names"": [], ""makers"": [""Schneider Brothers"", ""Schneider Brothers Instrument Company""], ""materials"": [], ""dates"": [""1898""], ""places"": [""Jersey City"", ""United States"", ""Hudson county"", ""New Jersey""], ""descriptions"": [""Marvin type kite meteorograph""], ""other"": [""Meteorology meteorograph"", ""meteorograph"", ""Marvin, Charles Frederick""]}"
209,10,5,1,1,1,1,1,0,1,0,0,0,5,2,1,1,"{""object_names"": [], ""makers"": [], ""materials"": [""combination of an aneroid barometer and a bi-metallic thermo-meter, both connected to a point which records on a smoked paper chart""], ""dates"": [""1922"", ""1921""], ""places"": [], ""descriptions"": [""designed at the Royal Aircraft Establishment for use on aircraft to record the atmospheric temperature and pressure"", ""The barometer tends to move the point in an upward or downward direction while the thermometer tends to move it to and fro across the chart"", ""The usual result is therefore a curved line moving diagonally over the chart"", ""This trace is read by the superposition of a transparent scale which has been calibrated on the actual instrument under conditions of varying temperature and pressure""], ""other"": [""Inv. 1921-9""]}","{""object_names"": [""RAE barothermograph""], ""makers"": [], ""materials"": [], ""dates"": [], ""places"": [], ""descriptions"": [], ""other"": [""Meteorology barothermograph (photo); barothermograph (photo)""]}"
210,10,12,1,1,1,2,1,1,1,1,1,4,4,2,1,0,"{""object_names"": [""ALTIGRAPH""], ""makers"": [""Richard""], ""materials"": [""aneroid box"", ""levers"", ""pen"", ""chart"", ""cylinders"", ""clockwork""], ""dates"": [""1922""], ""places"": [""Paris""], ""descriptions"": [""pocket instrument designed to give a continuous record of altitude"", ""used in meteorological work"", ""expansion regulated by atmospheric pressure"", ""record from which the altitude at any given time can be determined"", ""altitude scale indicates heights up to 20,000 ft."", ""time scale set at right angles to altitude scale""], ""other"": [""Lent by The Meteorological Office""]}","{""object_names"": [""Pocket aneroid barograph""], ""makers"": [""Richard Freres""], ""materials"": [""aneroid barograph""], ""dates"": [""c 1919""], ""places"": [""Ville de Paris"", ""\u00cele-de-France"", ""France""], ""descriptions"": [""Meteorology aneroid barograph""], ""other"": []}"
211,12,9,1,1,1,1,0,1,0,1,0,1,6,2,4,2,"{""object_names"": [""AITKEN'S PORTABLE DUST-COMPUTER""], ""makers"": [""J. Aitken, Esq., F.R.S.""], ""materials"": [], ""dates"": [], ""places"": [], ""descriptions"": [""This instrument depends upon the principle that the moisture of the air, when it condenses, forms rain drops around the dust particles contained in the atmosphere."", ""In using the computer the shallow cylindrical receiver at the top is first filled with air which has been freed from dust by a filter of cotton wool and saturated with moisture."", ""A definite amount of the air to be                         tested is then introduced to replace dustless air."", ""If now by means of a pump the air is expanded a lowering of temperature ensues, the vapour is condensed and rain drops are deposited on the glass plate at the bottom of the receiver."", ""As this plate is divided into millimetre squares, the number of drops can, with the aid of the magnifying glass which forms the top of the apparatus, be counted per square and from this the number of dust particles in the air under test can be calculated."", ""The instrument is so arranged that, supposing the average number of drops on each square of the micrometer to be 5, then, using 0.05 impurity, the dust particles in a cubic centimetre of the air will be 5 x 100 x 50 = 25,000.""], ""other"": [""diameter of the receiver is 3 cm."", ""its depth is 1 cm."", ""the tube in connection with it is graduated for 0.02, 0.05, and 0.1."", ""By means of a piston within this tube the impurity of the air under examination, when much laden with dust particles, can be reduced to the extent shown by the graduations on the tube.""]}","{""object_names"": [""Portable Aitken type dust counter""], ""makers"": [""Dr. John Aitken"", ""Unknown maker""], ""materials"": [""wood and leather case""], ""dates"": [""1900-1908""], ""places"": [""Ben Nevis in Scotland""], ""descriptions"": [""The original bulky instrument was used at the Observatory on top of Ben Nevis in Scotland."", ""air sampler; case - container""], ""other"": [""unsigned"", ""British"", ""1900-1908 United Kingdom""]}"
212,15,8,2,1,1,1,4,0,1,1,0,1,6,2,1,2,"{""object_names"": [""ORIGINAL OZONOMETER""], ""makers"": [], ""materials"": [""glass-lined brass tube"", ""glass delivery tube"", ""glass stopcock"", ""brass cap""], ""dates"": [], ""places"": [], ""descriptions"": [""for determining the quantity of ozone in the atmosphere, in connection with the bleaching of linen"", ""one end of which is open, while the other end is closed except for a glass delivery tube of 0.4 in. diam., carrying a large glass stopcock to admit air"", ""within which is a thick glass disc bearing a wooden frame and grooved for an india-rubber band which holds a test paper in position across its mouth"", ""the test paper is held across the entrance tube and at a distance of about 0.1 in. from it"", ""A small tube from the other extremity of the box communicates with a large aspirator"", ""The amount of ozone is judged by its action on the test paper which after exposure is removed and compared with standard tints forming a scale. These papers are prepared in various ways, the substance used by Sch\u00f6nbein being iodide of starch.""], ""other"": [""Inv. 1876-693""]}","{""object_names"": [], ""makers"": [], ""materials"": [], ""dates"": [], ""places"": [""England""], ""descriptions"": [""components and diagrams"", ""2 diagrams of ozonometers""], ""other"": [""Two ozonometers"", ""Meteorology ozonometers; ozonometers 1864""]}"
213,11,7,1,1,1,1,3,0,1,1,0,1,4,1,1,2,"{""object_names"": [""ozonometer""], ""makers"": [""John Smyth, Esq., Jun.""], ""materials"": [""brass"", ""sealing wax"", ""glass""], ""dates"": [""1922""], ""places"": [], ""descriptions"": [""This ozonometer is a modification of Smyth's original instrument."", ""It consists of a cylindrical brass chamber lined with sealing wax, to the closed end of which a glass tube is connected."", ""The other end, which is provided with a stopcock, carries a glass cylinder of slightly smaller diameter, which fits within the brass cylinder and supports the test paper in the current of air."", ""Lent by""], ""other"": [""Inv. 1876-693""]}","{""object_names"": [""ozonometer""], ""makers"": [""Smyth, John""], ""materials"": [], ""dates"": [""1864""], ""places"": [""England""], ""descriptions"": [""components and diagrams"", ""2 diagrams of ozonometers""], ""other"": [""Two ozonometers"", ""Meteorology ozonometers; ozonometers 1864""]}"
214,14,10,1,2,1,1,5,1,1,1,0,1,4,1,2,3,"{""object_names"": [""IMPROVED OZONOMETER""], ""makers"": [""John Smyth, Esq., Jun.""], ""materials"": [""wooden cylinders"", ""boxes"", ""india-rubber band"", ""test paper"", ""aspirator""], ""dates"": [""1865""], ""places"": [], ""descriptions"": [""improved form of ozonometer designed by Smyth in 1865 for the more accurate determination of the amount of ozone in the atmosphere"", ""by means of which it may be caused to impinge on an extended surface of a test paper while moving with a considerable velocity"", ""two wooden cylinders or boxes about 2 in. long and 2 in. external diameter, the smaller of which fits lightly into the larger, and is slightly shorter"", ""Its extremity is grooved for an india-rubber band which holds the test paper stretched across its mouth. An entrance tube of 0.25 in. diameter introduces air through the end of the larger box when it impinges on the test paper and eventually passes out of the chamber through an exit tube at the opposite end, leading to an aspirator.""], ""other"": [""Inv. 1876-839"", ""Brit. Assoc. Report, 1865, p. 37""]}","{""object_names"": [""Smyth's revised ozonometer"", ""Model of an Ozonometer""], ""makers"": [], ""materials"": [""cardboard box""], ""dates"": [], ""places"": [""England""], ""descriptions"": [""improved form, designed in 1865 by Smyth""], ""other"": [""Smyth"", ""John"", ""Meteorology ozonometers; ozonometers 1865""]}"
215,21,13,1,1,2,3,0,0,1,1,0,3,14,3,3,2,"{""object_names"": [], ""makers"": [""Sir Napier Shaw, F.R.S.""], ""materials"": [], ""dates"": [""1922""], ""places"": [], ""descriptions"": [""designed by Sir Napier Shaw and Sir Horace Darwin for tracing the path of air moving with a definite angular deviation from circular isobars."", ""consists of a carriage with a vertical tracing wheel, which can be set with its axis at any required angle to the length of the rod at the end of which it is fixed."", ""The other end of the rod is attached to a carriage which travels along in a straight line, and can slip backwards and forwards so as to adjust itself to the increasing or decreasing distance of the tracing wheel."", ""The two carriages are driven from a common driving wheel by a connection of pulleys and cords."", ""One of them, the centre carriage, has all its wheels set parallel and thus can only move in a straight line; the other, the tracing carriage, has a single wheel attached to a rod which puts the two carriages into relation, and is guided by the setting of its wheel with regard to the rod."", ""As the driving wheel is turned, both carriages are driven; one goes straight forward, and the other goes at a fixed angle to the rod which slides in a guide attached to the first carriage and allows any adjustment of the distance between them that the relative motion of the two carriages demands."", ""In this way the conditions of relation between the motion of air with given incurvature from circular isobars drawn about a moving centre and the motion of the centre are exactly reproduced."", ""With this apparatus, trajectories for various specified conditions can be traced, and the relative speed of the two carriages thus obtained should give the relation between the velocity of the wind and the velocity of the storm centre."", ""In the trajectories shown, the dotted line represents the path of the centre in each case, while a thick line indicates a trajectory.""], ""other"": [""Lent by Sir Napier Shaw, F.R.S."", ""Inv. 1920-731, S.M. 1441, L.S.""]}","{""object_names"": [""Sir W. Napier Shaw's original anemenoidograph""], ""makers"": [""Cambridge Scientific Instrument Company Limited""], ""materials"": [], ""dates"": [""c. 1918""], ""places"": [""Cambridge, England, United Kingdom""], ""descriptions"": [""original"", ""Meteorology""], ""other"": [""anemenoidograph 1918""]}"
216,8,6,1,1,1,1,0,0,1,1,1,0,3,2,1,1,"{""object_names"": [], ""makers"": [], ""materials"": [], ""dates"": [""1922""], ""places"": [""the Museum""], ""descriptions"": [""ZOETROPE TO SHOW AIR MOVEMENTS. Constructed in the Museum."", ""This arrangement was devised by Sir W. N. Shaw, F.R.S., to illustrate the passage of cyclonic depressions and the motion of the air therein."", ""Round the inside of the cylinder is arranged a series of maps showing the isobars drawn for intervals of one hour throughout the day, while arrow-heads indicate the directions of the wind on the various charts. On rotating the cylinder, a representation is obtained of the motion of the storm centre, and also of the circulation of the air about the cyclonic depression.""], ""other"": [""Inv. 1921-599""]}","{""object_names"": [], ""makers"": [], ""materials"": [], ""dates"": [""c. 1905""], ""places"": [], ""descriptions"": [""showing the passage of cyclonic depressions and the movement of air."", ""Meteorology zoetrope; zoetrope circa 1905""], ""other"": [""Napier Shaw, W., Sir, F.R.S.""]}"
217,17,3,1,1,0,0,0,0,2,1,6,0,7,1,1,0,"{""object_names"": [], ""makers"": [], ""materials"": [], ""dates"": [""1st April, 1910""], ""places"": [""twenty-nine British Stations"", ""thirty-one continental stations"", ""seven stations in the Atlantic Islands of Iceland, Faroe, Azores, and Madeira"", ""other stations in the British Isles"", ""Europe or Africa outside the range of our own telegraphic reports"", ""vessels crossing the Atlantic""], ""descriptions"": [""first report to include a \u201cfurther outlook,\u201d and indicates a significant development"", ""data received by telegraph"", ""information is received in code form as arranged by international agreement"", ""additional data is given in the three tables on page 4"", ""information extracted from the French \u201c Bulletin International \u201d"", ""first chart on page 2 shows the pressure readings and the isobars for sea-level pressure, with indications that are taking place at the time of observation"", ""temperature and weather are represented on the second chart"", ""(See Shaw's \u201cForecasting Weather.\u201d)""], ""other"": [""Inv. 1922-275""]}","{""object_names"": [], ""makers"": [], ""materials"": [], ""dates"": [], ""places"": [], ""descriptions"": [""Meteorology weather chart"", ""weather chart""], ""other"": []}"
218,10,8,1,1,2,1,1,1,1,1,0,0,4,2,1,2,"{""object_names"": [], ""makers"": [""Henry Troake"", ""Sir William Herschel""], ""materials"": [""framed card""], ""dates"": [""1831""], ""places"": [], ""descriptions"": [""calendar for a month"", ""four discs furnished with index hands"", ""indicate the day of the week corresponding to each day of the month"", ""indicate the days of the month on which the moon is in syzygy and quadrature"", ""indicate the hour at which change of phase takes place throughout one lunation"", ""indicate the weather to be expected for the ensuing seven days"", ""Explanatory notes are printed on the card""], ""other"": [""Inv. 1907-60""]}","{""object_names"": [""Card with calendar weather forecaster""], ""makers"": [], ""materials"": [""Card""], ""dates"": [], ""places"": [], ""descriptions"": [""Meteorology weather forecaster"", ""weather forecaster""], ""other"": [""1831"", ""Troake, Henry""]}"
219,13,13,1,1,1,2,2,0,1,1,0,4,7,2,1,3,"{""object_names"": [], ""makers"": [], ""materials"": [""Jena glass""], ""dates"": [], ""places"": [], ""descriptions"": [""combination of a thermometer and a hair hygrometer"", ""may be employed with the aid of the rules compiled by Dr. A. Troska, for forecasting weather"", ""modification of an earlier form of polymeter, the humidity scale of which has been re-calculated and extended"", ""thermometer is made of Jena glass and carries on the left the usual Fahrenheit temperature scale, while the scale on the right indicates the maximum vapour pressure in millimetres of mercury corresponding to the temperature reading"", ""hygrometer consists of a bundle of human hairs securely clamped at one end, and about 7 in. long, which controls the motion of a pointer over a dial bearing two graduated scales"", ""lower of these scales indicates the relative humidity of the atmosphere surrounding the polymeter, while the upper scale indicates the temperature difference between the existing atmospheric temperature and the dew point in degrees F"", ""in order that the instrument may be useful in indicating the humidity of artificially dried atmospheres, such as over-heated rooms, in which the relative humidity is less than 30 per cent., the relative humidity scale has been modified in accordance with results obtained by Gay Lussac and extended to indicate from 0 per cent. to 100 per cent."", ""human hair if moistened with water does not expand to its maximum length as it does when exposed to a completely saturated atmosphere, but only to an extent equivalent to a relative humidity of 95 per cent., thereby furnishing a ready means of correcting the instrument""], ""other"": [""Rules compiled by Dr. A. Troska"", ""Inv. 1921-310""]}","{""object_names"": [], ""makers"": [""Wilh. LAMBRECHT GmbH""], ""materials"": [], ""dates"": [], ""places"": [""London, England"", ""London"", ""Greater London, England"", ""United Kingdom""], ""descriptions"": [""Meteorology"", ""polymeter""], ""other"": [""1921"", ""A. Gallenkamp & Co. Ltd.""]}"
220,15,16,1,2,2,2,2,1,2,1,0,4,6,5,2,1,"{""object_names"": [""WEATHER FORECASTER""], ""makers"": [""Messrs. Negretti and Zambra""], ""materials"": [""concentric discs of brass"", ""annular ring of brass""], ""dates"": [""1915""], ""places"": [], ""descriptions"": [""Originally designed by Mr. E. W. Kitchin."", ""subsequently modified and improved by Negretti and Zambra"", ""Its action is based on known meteorological laws, with certain modifications suggested by long continued observation of weather conditions and changes."", ""larger one is surrounded by an annular ring of brass, within which it is free to rotate."", ""annular ring carries engraved scales for barometer height and wind direction"", ""larger disc is provided with graduations indicating a falling, steady, or rising barometer in summer and winter."", ""Upon this large disc are also engraved the forecasts, arranged radially so that the appropriate one is visible through a radial slot or window in the smaller disc."", ""In using the instrument, the wind direction and the height and state of the barometer are noted, after which the arrow on the larger disc, indicating the state of the barometer, falling, steady or rising, is set to the correct direction of the wind."", ""The barometer pointer is now set to the barometer scale at the top of the instrument, when the forecast appears at the window."", ""In the event of two forecasts being visible, a combination of the two should be taken.""], ""other"": [""Pat. Specn. No. 6276, A.D. 1915"", ""Inv. 1921-317""]}","{""object_names"": [""weather forecaster ready reckoner, with aneroid barometer""], ""makers"": [""Negretti & Zambra"", ""Kitchen, E. W.""], ""materials"": [""Brass""], ""dates"": [""1915-1925""], ""places"": [""London"", ""Greater London"", ""England"", ""United Kingdom""], ""descriptions"": [""weather forecaster ready reckoner"", ""aneroid barometer"", ""built in stand"", ""carrying loop"", ""Meteorology weather ready reckoner; aneroid barometer; weather ready reckoner; aneroid barometer""], ""other"": [""London, Greater London, England, United Kingdom""]}"
221,13,8,1,1,1,1,3,1,1,1,1,0,5,2,1,2,"{""object_names"": [""RAIN-GAUGE""], ""makers"": [""Casella""], ""materials"": [""copper cylinder"", ""brass \""Snowdon\"" rim"", ""measuring glass graduated to hundredths of an inch and holds half an inch of rain""], ""dates"": [""1922""], ""places"": [""telegraphic reporting stations""], ""descriptions"": [""This type of rain-gauge has been used for a considerable time at telegraphic reporting stations."", ""fitted with a deep 8 in. brass \""Snowdon\"" rim for the correct reading of snow and to prevent loss by splashing."", ""The upper portion of the apparatus carries a large funnel at its lower end, and rain falling into the cylinder is collected by this funnel and flows into the collecting can which is placed inside the lower portion of the apparatus."", ""The rain is measured by pouring the contents of the collecting can into the measuring glass which accompanies the gauge."", ""This glass is graduated to hundredths of an inch and holds half an inch of rain.""], ""other"": [""Lent by The Meteorological Office"", ""Inv. 1892-150""]}","{""object_names"": [""8-inch rain gauge with collecting can and measuring glass""], ""makers"": [""L. Casella""], ""materials"": [""brass""], ""dates"": [""1892""], ""places"": [], ""descriptions"": [""Meteorology rain gauge; rain gauge"", ""8-inch""], ""other"": [""Binnie, Alexander R., Sir (designer)"", ""1892""]}"
222,11,5,1,1,1,0,0,0,2,1,1,1,5,2,1,0,"{""object_names"": [""MEAN TEMPERATURE DIAGRAM""], ""makers"": [""The Meteorological Office""], ""materials"": [], ""dates"": [""1801 to 1900"", ""1852"", ""1814""], ""places"": [""Edinburgh""], ""descriptions"": [""This diagram indicates the mean monthly temperature at Edinburgh from 1801 to 1900."", ""A close inspection will show that during the second half of the year the mean temperature on the average decreases much quicker than it increases during the first half of the year."", ""July and August are the months of maximum temperature, while the minimum temperature is experienced in January, the range being from about 60\u00b0 F. to 35\u00b0 F."", ""The highest monthly temperature of 64\u00b0 was reached in July, 1852, while the lowest monthly record was 26\u00b75\u00b0 F. in January, 1814."", ""diagram indicates the mean monthly temperature""], ""other"": [""Inv. 1915-357""]}","{""object_names"": [""Diagram, temperature at Edinburgh""], ""makers"": [], ""materials"": [], ""dates"": [""100 years""], ""places"": [""Edinburgh""], ""descriptions"": [""Diagram showing maximum and minimum temperature at Edinburgh for 100 years."", ""Meteorology diagram; diagram""], ""other"": []}"
223,10,6,1,1,1,0,0,0,2,1,1,1,4,2,1,1,"{""object_names"": [], ""makers"": [""The Meteorological Office""], ""materials"": [], ""dates"": [""January, 1813, to December, 1912"", ""October, 1880""], ""places"": [], ""descriptions"": [""This chart indicates the total rainfall for London during each month from January, 1813, to December, 1912."", ""In general it would appear that the latter half of the year is wetter than the opening half, while the months of excessive rainfall occur more frequently in summer than in winter."", ""The month during this period in which the maximum rainfall was observed was October, 1880, when the amount recorded was 6\u00b778 in.""], ""other"": [""Inv. 1914-233""]}","{""object_names"": [], ""makers"": [], ""materials"": [], ""dates"": [], ""places"": [], ""descriptions"": [""Meteorology diagram"", ""diagram""], ""other"": [""Diagram showing 100 years rainfall in London Diagram showing 100 years rainfall in London (1813-1912).""]}"
224,10,6,1,1,1,0,0,0,1,0,2,2,4,2,1,1,"{""object_names"": [], ""makers"": [""The Meteorological Office""], ""materials"": [], ""dates"": [""1922""], ""places"": [], ""descriptions"": [""The diagram shows the distribution of rainfall at Valencia and Kew."", ""The numbers in small figures indicate the rainfall in thousandths of an inch throughout the day in different months of the year."", ""Lines are interpolated at 20, 30, 40, 50, 60, 70, 80 and 90 thousandths of an inch, and the areas enclosed are shaded, a darker shade representing greater rainfall.""], ""other"": [""Inv. 1915-358""]}","{""object_names"": [], ""makers"": [], ""materials"": [], ""dates"": [], ""places"": [], ""descriptions"": [""Meteorology diagram; diagram""], ""other"": []}"
